[    4224ms] [INFO] %cDownload the React DevTools for a better development experience: https://react.dev/link/react-devtools font-weight:bold @ webpack-internal:///(app-pages-browser)/./node_modules/.pnpm/next@15.1.0_react-dom@19.0.0_react@19.0.0__react@19.0.0/node_modules/next/dist/compiled/react-dom/cjs/react-dom-client.development.js:24650
[    4303ms] [LOG] %c[Vercel Web Analytics]%c Debug mode is enabled by default in development. No requests will be sent to the server. color: rgb(120, 120, 120) color: inherit @ https://va.vercel-scripts.com/v1/script.debug.js:0
[    4303ms] [LOG] %c[Vercel Web Analytics]%c [view] http://localhost:3000/ color: rgb(120, 120, 120) color: inherit {o: http://localhost:3000/, sv: 0.1.3, sdkn: @vercel/analytics/react, sdkv: 1.5.0, ts: 1787102734224} /_vercel/insights/view @ https://va.vercel-scripts.com/v1/script.debug.js:0
[    4380ms] [LOG] [Fast Refresh] rebuilding @ webpack-internal:///(app-pages-browser)/./node_modules/.pnpm/next@15.1.0_react-dom@19.0.0_react@19.0.0__react@19.0.0/node_modules/next/dist/client/components/react-dev-overlay/app/hot-reloader-client.js:240
[    4459ms] [LOG] [Fast Refresh] done in 80ms @ webpack-internal:///(app-pages-browser)/./node_modules/.pnpm/next@15.1.0_react-dom@19.0.0_react@19.0.0__react@19.0.0/node_modules/next/dist/client/components/react-dev-overlay/app/hot-reloader-client.js:67
[    4485ms] [LOG] [Fast Refresh] rebuilding @ webpack-internal:///(app-pages-browser)/./node_modules/.pnpm/next@15.1.0_react-dom@19.0.0_react@19.0.0__react@19.0.0/node_modules/next/dist/client/components/react-dev-overlay/app/hot-reloader-client.js:240
[    4551ms] [LOG] [Fast Refresh] done in 67ms @ webpack-internal:///(app-pages-browser)/./node_modules/.pnpm/next@15.1.0_react-dom@19.0.0_react@19.0.0__react@19.0.0/node_modules/next/dist/client/components/react-dev-overlay/app/hot-reloader-client.js:67
[    4582ms] [LOG] [Fast Refresh] rebuilding @ webpack-internal:///(app-pages-browser)/./node_modules/.pnpm/next@15.1.0_react-dom@19.0.0_react@19.0.0__react@19.0.0/node_modules/next/dist/client/components/react-dev-overlay/app/hot-reloader-client.js:240
[    4648ms] [LOG] [Fast Refresh] done in 66ms @ webpack-internal:///(app-pages-browser)/./node_modules/.pnpm/next@15.1.0_react-dom@19.0.0_react@19.0.0__react@19.0.0/node_modules/next/dist/client/components/react-dev-overlay/app/hot-reloader-client.js:67
[    4685ms] [LOG] [Fast Refresh] rebuilding @ webpack-internal:///(app-pages-browser)/./node_modules/.pnpm/next@15.1.0_react-dom@19.0.0_react@19.0.0__react@19.0.0/node_modules/next/dist/client/components/react-dev-overlay/app/hot-reloader-client.js:240
[    4749ms] [LOG] [Fast Refresh] done in 64ms @ webpack-internal:///(app-pages-browser)/./node_modules/.pnpm/next@15.1.0_react-dom@19.0.0_react@19.0.0__react@19.0.0/node_modules/next/dist/client/components/react-dev-overlay/app/hot-reloader-client.js:67
[    4787ms] [LOG] [Fast Refresh] rebuilding @ webpack-internal:///(app-pages-browser)/./node_modules/.pnpm/next@15.1.0_react-dom@19.0.0_react@19.0.0__react@19.0.0/node_modules/next/dist/client/components/react-dev-overlay/app/hot-reloader-client.js:240
[    4851ms] [LOG] [Fast Refresh] done in 64ms @ webpack-internal:///(app-pages-browser)/./node_modules/.pnpm/next@15.1.0_react-dom@19.0.0_react@19.0.0__react@19.0.0/node_modules/next/dist/client/components/react-dev-overlay/app/hot-reloader-client.js:67
[    4889ms] [LOG] [Fast Refresh] rebuilding @ webpack-internal:///(app-pages-browser)/./node_modules/.pnpm/next@15.1.0_react-dom@19.0.0_react@19.0.0__react@19.0.0/node_modules/next/dist/client/components/react-dev-overlay/app/hot-reloader-client.js:240
[    4954ms] [LOG] [Fast Refresh] done in 65ms @ webpack-internal:///(app-pages-browser)/./node_modules/.pnpm/next@15.1.0_react-dom@19.0.0_react@19.0.0__react@19.0.0/node_modules/next/dist/client/components/react-dev-overlay/app/hot-reloader-client.js:67
[    5000ms] [LOG] [Fast Refresh] rebuilding @ webpack-internal:///(app-pages-browser)/./node_modules/.pnpm/next@15.1.0_react-dom@19.0.0_react@19.0.0__react@19.0.0/node_modules/next/dist/client/components/react-dev-overlay/app/hot-reloader-client.js:240
[    5071ms] [WARNING] Image with src "/placeholder-user.png" was detected as the Largest Contentful Paint (LCP). Please add the "priority" property if this image is above the fold.
Read more: https://nextjs.org/docs/api-reference/next/image#priority @ webpack-internal:///(app-pages-browser)/./node_modules/.pnpm/next@15.1.0_react-dom@19.0.0_react@19.0.0__react@19.0.0/node_modules/next/dist/shared/lib/utils/warn-once.js:15
[    5072ms] [LOG] [Fast Refresh] done in 72ms @ webpack-internal:///(app-pages-browser)/./node_modules/.pnpm/next@15.1.0_react-dom@19.0.0_react@19.0.0__react@19.0.0/node_modules/next/dist/client/components/react-dev-overlay/app/hot-reloader-client.js:67
[    5091ms] [LOG] [Fast Refresh] rebuilding @ webpack-internal:///(app-pages-browser)/./node_modules/.pnpm/next@15.1.0_react-dom@19.0.0_react@19.0.0__react@19.0.0/node_modules/next/dist/client/components/react-dev-overlay/app/hot-reloader-client.js:240
[    5158ms] [LOG] [Fast Refresh] done in 66ms @ webpack-internal:///(app-pages-browser)/./node_modules/.pnpm/next@15.1.0_react-dom@19.0.0_react@19.0.0__react@19.0.0/node_modules/next/dist/client/components/react-dev-overlay/app/hot-reloader-client.js:67
[    5192ms] [LOG] [Fast Refresh] rebuilding @ webpack-internal:///(app-pages-browser)/./node_modules/.pnpm/next@15.1.0_react-dom@19.0.0_react@19.0.0__react@19.0.0/node_modules/next/dist/client/components/react-dev-overlay/app/hot-reloader-client.js:240
[    5251ms] [LOG] [Fast Refresh] done in 58ms @ webpack-internal:///(app-pages-browser)/./node_modules/.pnpm/next@15.1.0_react-dom@19.0.0_react@19.0.0__react@19.0.0/node_modules/next/dist/client/components/react-dev-overlay/app/hot-reloader-client.js:67
[    5294ms] [LOG] [Fast Refresh] rebuilding @ webpack-internal:///(app-pages-browser)/./node_modules/.pnpm/next@15.1.0_react-dom@19.0.0_react@19.0.0__react@19.0.0/node_modules/next/dist/client/components/react-dev-overlay/app/hot-reloader-client.js:240
[    5354ms] [LOG] [Fast Refresh] done in 59ms @ webpack-internal:///(app-pages-browser)/./node_modules/.pnpm/next@15.1.0_react-dom@19.0.0_react@19.0.0__react@19.0.0/node_modules/next/dist/client/components/react-dev-overlay/app/hot-reloader-client.js:67
[    5396ms] [LOG] [Fast Refresh] rebuilding @ webpack-internal:///(app-pages-browser)/./node_modules/.pnpm/next@15.1.0_react-dom@19.0.0_react@19.0.0__react@19.0.0/node_modules/next/dist/client/components/react-dev-overlay/app/hot-reloader-client.js:240
[    5455ms] [LOG] [Fast Refresh] done in 58ms @ webpack-internal:///(app-pages-browser)/./node_modules/.pnpm/next@15.1.0_react-dom@19.0.0_react@19.0.0__react@19.0.0/node_modules/next/dist/client/components/react-dev-overlay/app/hot-reloader-client.js:67
[    5498ms] [LOG] [Fast Refresh] rebuilding @ webpack-internal:///(app-pages-browser)/./node_modules/.pnpm/next@15.1.0_react-dom@19.0.0_react@19.0.0__react@19.0.0/node_modules/next/dist/client/components/react-dev-overlay/app/hot-reloader-client.js:240
[    5555ms] [LOG] [Fast Refresh] done in 58ms @ webpack-internal:///(app-pages-browser)/./node_modules/.pnpm/next@15.1.0_react-dom@19.0.0_react@19.0.0__react@19.0.0/node_modules/next/dist/client/components/react-dev-overlay/app/hot-reloader-client.js:67
[    5600ms] [LOG] [Fast Refresh] rebuilding @ webpack-internal:///(app-pages-browser)/./node_modules/.pnpm/next@15.1.0_react-dom@19.0.0_react@19.0.0__react@19.0.0/node_modules/next/dist/client/components/react-dev-overlay/app/hot-reloader-client.js:240
[    5659ms] [LOG] [Fast Refresh] done in 60ms @ webpack-internal:///(app-pages-browser)/./node_modules/.pnpm/next@15.1.0_react-dom@19.0.0_react@19.0.0__react@19.0.0/node_modules/next/dist/client/components/react-dev-overlay/app/hot-reloader-client.js:67
[    5701ms] [LOG] [Fast Refresh] rebuilding @ webpack-internal:///(app-pages-browser)/./node_modules/.pnpm/next@15.1.0_react-dom@19.0.0_react@19.0.0__react@19.0.0/node_modules/next/dist/client/components/react-dev-overlay/app/hot-reloader-client.js:240
[    5762ms] [LOG] [Fast Refresh] done in 60ms @ webpack-internal:///(app-pages-browser)/./node_modules/.pnpm/next@15.1.0_react-dom@19.0.0_react@19.0.0__react@19.0.0/node_modules/next/dist/client/components/react-dev-overlay/app/hot-reloader-client.js:67
[    5803ms] [LOG] [Fast Refresh] rebuilding @ webpack-internal:///(app-pages-browser)/./node_modules/.pnpm/next@15.1.0_react-dom@19.0.0_react@19.0.0__react@19.0.0/node_modules/next/dist/client/components/react-dev-overlay/app/hot-reloader-client.js:240
[    5864ms] [LOG] [Fast Refresh] done in 61ms @ webpack-internal:///(app-pages-browser)/./node_modules/.pnpm/next@15.1.0_react-dom@19.0.0_react@19.0.0__react@19.0.0/node_modules/next/dist/client/components/react-dev-overlay/app/hot-reloader-client.js:67
[    5904ms] [LOG] [Fast Refresh] rebuilding @ webpack-internal:///(app-pages-browser)/./node_modules/.pnpm/next@15.1.0_react-dom@19.0.0_react@19.0.0__react@19.0.0/node_modules/next/dist/client/components/react-dev-overlay/app/hot-reloader-client.js:240
[    5966ms] [LOG] [Fast Refresh] done in 61ms @ webpack-internal:///(app-pages-browser)/./node_modules/.pnpm/next@15.1.0_react-dom@19.0.0_react@19.0.0__react@19.0.0/node_modules/next/dist/client/components/react-dev-overlay/app/hot-reloader-client.js:67
[    6006ms] [LOG] [Fast Refresh] rebuilding @ webpack-internal:///(app-pages-browser)/./node_modules/.pnpm/next@15.1.0_react-dom@19.0.0_react@19.0.0__react@19.0.0/node_modules/next/dist/client/components/react-dev-overlay/app/hot-reloader-client.js:240
[    6064ms] [LOG] [Fast Refresh] done in 59ms @ webpack-internal:///(app-pages-browser)/./node_modules/.pnpm/next@15.1.0_react-dom@19.0.0_react@19.0.0__react@19.0.0/node_modules/next/dist/client/components/react-dev-overlay/app/hot-reloader-client.js:67
[    6108ms] [LOG] [Fast Refresh] rebuilding @ webpack-internal:///(app-pages-browser)/./node_modules/.pnpm/next@15.1.0_react-dom@19.0.0_react@19.0.0__react@19.0.0/node_modules/next/dist/client/components/react-dev-overlay/app/hot-reloader-client.js:240
[    6179ms] [LOG] [Fast Refresh] done in 72ms @ webpack-internal:///(app-pages-browser)/./node_modules/.pnpm/next@15.1.0_react-dom@19.0.0_react@19.0.0__react@19.0.0/node_modules/next/dist/client/components/react-dev-overlay/app/hot-reloader-client.js:67
[    6208ms] [LOG] [Fast Refresh] rebuilding @ webpack-internal:///(app-pages-browser)/./node_modules/.pnpm/next@15.1.0_react-dom@19.0.0_react@19.0.0__react@19.0.0/node_modules/next/dist/client/components/react-dev-overlay/app/hot-reloader-client.js:240
[    6290ms] [LOG] [Fast Refresh] done in 82ms @ webpack-internal:///(app-pages-browser)/./node_modules/.pnpm/next@15.1.0_react-dom@19.0.0_react@19.0.0__react@19.0.0/node_modules/next/dist/client/components/react-dev-overlay/app/hot-reloader-client.js:67
[    6311ms] [LOG] [Fast Refresh] rebuilding @ webpack-internal:///(app-pages-browser)/./node_modules/.pnpm/next@15.1.0_react-dom@19.0.0_react@19.0.0__react@19.0.0/node_modules/next/dist/client/components/react-dev-overlay/app/hot-reloader-client.js:240
[    6374ms] [LOG] [Fast Refresh] done in 64ms @ webpack-internal:///(app-pages-browser)/./node_modules/.pnpm/next@15.1.0_react-dom@19.0.0_react@19.0.0__react@19.0.0/node_modules/next/dist/client/components/react-dev-overlay/app/hot-reloader-client.js:67
[    6412ms] [LOG] [Fast Refresh] rebuilding @ webpack-internal:///(app-pages-browser)/./node_modules/.pnpm/next@15.1.0_react-dom@19.0.0_react@19.0.0__react@19.0.0/node_modules/next/dist/client/components/react-dev-overlay/app/hot-reloader-client.js:240
[    6469ms] [LOG] [Fast Refresh] done in 58ms @ webpack-internal:///(app-pages-browser)/./node_modules/.pnpm/next@15.1.0_react-dom@19.0.0_react@19.0.0__react@19.0.0/node_modules/next/dist/client/components/react-dev-overlay/app/hot-reloader-client.js:67
[    6513ms] [LOG] [Fast Refresh] rebuilding @ webpack-internal:///(app-pages-browser)/./node_modules/.pnpm/next@15.1.0_react-dom@19.0.0_react@19.0.0__react@19.0.0/node_modules/next/dist/client/components/react-dev-overlay/app/hot-reloader-client.js:240
[    6572ms] [LOG] [Fast Refresh] done in 58ms @ webpack-internal:///(app-pages-browser)/./node_modules/.pnpm/next@15.1.0_react-dom@19.0.0_react@19.0.0__react@19.0.0/node_modules/next/dist/client/components/react-dev-overlay/app/hot-reloader-client.js:67
[    6638ms] [LOG] [Fast Refresh] rebuilding @ webpack-internal:///(app-pages-browser)/./node_modules/.pnpm/next@15.1.0_react-dom@19.0.0_react@19.0.0__react@19.0.0/node_modules/next/dist/client/components/react-dev-overlay/app/hot-reloader-client.js:240
[    6761ms] [LOG] [Fast Refresh] done in 122ms @ webpack-internal:///(app-pages-browser)/./node_modules/.pnpm/next@15.1.0_react-dom@19.0.0_react@19.0.0__react@19.0.0/node_modules/next/dist/client/components/react-dev-overlay/app/hot-reloader-client.js:67
[    6781ms] [LOG] [Fast Refresh] rebuilding @ webpack-internal:///(app-pages-browser)/./node_modules/.pnpm/next@15.1.0_react-dom@19.0.0_react@19.0.0__react@19.0.0/node_modules/next/dist/client/components/react-dev-overlay/app/hot-reloader-client.js:240
[    6844ms] [LOG] [Fast Refresh] done in 63ms @ webpack-internal:///(app-pages-browser)/./node_modules/.pnpm/next@15.1.0_react-dom@19.0.0_react@19.0.0__react@19.0.0/node_modules/next/dist/client/components/react-dev-overlay/app/hot-reloader-client.js:67
[    6882ms] [LOG] [Fast Refresh] rebuilding @ webpack-internal:///(app-pages-browser)/./node_modules/.pnpm/next@15.1.0_react-dom@19.0.0_react@19.0.0__react@19.0.0/node_modules/next/dist/client/components/react-dev-overlay/app/hot-reloader-client.js:240
[    6940ms] [LOG] [Fast Refresh] done in 58ms @ webpack-internal:///(app-pages-browser)/./node_modules/.pnpm/next@15.1.0_react-dom@19.0.0_react@19.0.0__react@19.0.0/node_modules/next/dist/client/components/react-dev-overlay/app/hot-reloader-client.js:67
[    6984ms] [LOG] [Fast Refresh] rebuilding @ webpack-internal:///(app-pages-browser)/./node_modules/.pnpm/next@15.1.0_react-dom@19.0.0_react@19.0.0__react@19.0.0/node_modules/next/dist/client/components/react-dev-overlay/app/hot-reloader-client.js:240
[    7039ms] [LOG] [Fast Refresh] done in 56ms @ webpack-internal:///(app-pages-browser)/./node_modules/.pnpm/next@15.1.0_react-dom@19.0.0_react@19.0.0__react@19.0.0/node_modules/next/dist/client/components/react-dev-overlay/app/hot-reloader-client.js:67
[    7085ms] [LOG] [Fast Refresh] rebuilding @ webpack-internal:///(app-pages-browser)/./node_modules/.pnpm/next@15.1.0_react-dom@19.0.0_react@19.0.0__react@19.0.0/node_modules/next/dist/client/components/react-dev-overlay/app/hot-reloader-client.js:240
[    7142ms] [LOG] [Fast Refresh] done in 57ms @ webpack-internal:///(app-pages-browser)/./node_modules/.pnpm/next@15.1.0_react-dom@19.0.0_react@19.0.0__react@19.0.0/node_modules/next/dist/client/components/react-dev-overlay/app/hot-reloader-client.js:67
[    7187ms] [LOG] [Fast Refresh] rebuilding @ webpack-internal:///(app-pages-browser)/./node_modules/.pnpm/next@15.1.0_react-dom@19.0.0_react@19.0.0__react@19.0.0/node_modules/next/dist/client/components/react-dev-overlay/app/hot-reloader-client.js:240
[    7245ms] [LOG] [Fast Refresh] done in 58ms @ webpack-internal:///(app-pages-browser)/./node_modules/.pnpm/next@15.1.0_react-dom@19.0.0_react@19.0.0__react@19.0.0/node_modules/next/dist/client/components/react-dev-overlay/app/hot-reloader-client.js:67
[    7288ms] [LOG] [Fast Refresh] rebuilding @ webpack-internal:///(app-pages-browser)/./node_modules/.pnpm/next@15.1.0_react-dom@19.0.0_react@19.0.0__react@19.0.0/node_modules/next/dist/client/components/react-dev-overlay/app/hot-reloader-client.js:240
[    7345ms] [LOG] [Fast Refresh] done in 57ms @ webpack-internal:///(app-pages-browser)/./node_modules/.pnpm/next@15.1.0_react-dom@19.0.0_react@19.0.0__react@19.0.0/node_modules/next/dist/client/components/react-dev-overlay/app/hot-reloader-client.js:67
[    7390ms] [LOG] [Fast Refresh] rebuilding @ webpack-internal:///(app-pages-browser)/./node_modules/.pnpm/next@15.1.0_react-dom@19.0.0_react@19.0.0__react@19.0.0/node_modules/next/dist/client/components/react-dev-overlay/app/hot-reloader-client.js:240
[    7445ms] [LOG] [Fast Refresh] done in 55ms @ webpack-internal:///(app-pages-browser)/./node_modules/.pnpm/next@15.1.0_react-dom@19.0.0_react@19.0.0__react@19.0.0/node_modules/next/dist/client/components/react-dev-overlay/app/hot-reloader-client.js:67
[    7491ms] [LOG] [Fast Refresh] rebuilding @ webpack-internal:///(app-pages-browser)/./node_modules/.pnpm/next@15.1.0_react-dom@19.0.0_react@19.0.0__react@19.0.0/node_modules/next/dist/client/components/react-dev-overlay/app/hot-reloader-client.js:240
[    7552ms] [LOG] [Fast Refresh] done in 61ms @ webpack-internal:///(app-pages-browser)/./node_modules/.pnpm/next@15.1.0_react-dom@19.0.0_react@19.0.0__react@19.0.0/node_modules/next/dist/client/components/react-dev-overlay/app/hot-reloader-client.js:67
[    7592ms] [LOG] [Fast Refresh] rebuilding @ webpack-internal:///(app-pages-browser)/./node_modules/.pnpm/next@15.1.0_react-dom@19.0.0_react@19.0.0__react@19.0.0/node_modules/next/dist/client/components/react-dev-overlay/app/hot-reloader-client.js:240
[    7651ms] [LOG] [Fast Refresh] done in 59ms @ webpack-internal:///(app-pages-browser)/./node_modules/.pnpm/next@15.1.0_react-dom@19.0.0_react@19.0.0__react@19.0.0/node_modules/next/dist/client/components/react-dev-overlay/app/hot-reloader-client.js:67
[    7694ms] [LOG] [Fast Refresh] rebuilding @ webpack-internal:///(app-pages-browser)/./node_modules/.pnpm/next@15.1.0_react-dom@19.0.0_react@19.0.0__react@19.0.0/node_modules/next/dist/client/components/react-dev-overlay/app/hot-reloader-client.js:240
[    7753ms] [LOG] [Fast Refresh] done in 60ms @ webpack-internal:///(app-pages-browser)/./node_modules/.pnpm/next@15.1.0_react-dom@19.0.0_react@19.0.0__react@19.0.0/node_modules/next/dist/client/components/react-dev-overlay/app/hot-reloader-client.js:67
[    7796ms] [LOG] [Fast Refresh] rebuilding @ webpack-internal:///(app-pages-browser)/./node_modules/.pnpm/next@15.1.0_react-dom@19.0.0_react@19.0.0__react@19.0.0/node_modules/next/dist/client/components/react-dev-overlay/app/hot-reloader-client.js:240
[    7854ms] [LOG] [Fast Refresh] done in 57ms @ webpack-internal:///(app-pages-browser)/./node_modules/.pnpm/next@15.1.0_react-dom@19.0.0_react@19.0.0__react@19.0.0/node_modules/next/dist/client/components/react-dev-overlay/app/hot-reloader-client.js:67
[    7898ms] [LOG] [Fast Refresh] rebuilding @ webpack-internal:///(app-pages-browser)/./node_modules/.pnpm/next@15.1.0_react-dom@19.0.0_react@19.0.0__react@19.0.0/node_modules/next/dist/client/components/react-dev-overlay/app/hot-reloader-client.js:240
[    7950ms] [LOG] [Fast Refresh] rebuilding @ webpack-internal:///(app-pages-browser)/./node_modules/.pnpm/next@15.1.0_react-dom@19.0.0_react@19.0.0__react@19.0.0/node_modules/next/dist/client/components/react-dev-overlay/app/hot-reloader-client.js:240
[    7953ms] [LOG] [Fast Refresh] done in 3ms @ webpack-internal:///(app-pages-browser)/./node_modules/.pnpm/next@15.1.0_react-dom@19.0.0_react@19.0.0__react@19.0.0/node_modules/next/dist/client/components/react-dev-overlay/app/hot-reloader-client.js:67
[    8014ms] [LOG] [Fast Refresh] done in 65ms @ webpack-internal:///(app-pages-browser)/./node_modules/.pnpm/next@15.1.0_react-dom@19.0.0_react@19.0.0__react@19.0.0/node_modules/next/dist/client/components/react-dev-overlay/app/hot-reloader-client.js:67
[    8050ms] [LOG] [Fast Refresh] rebuilding @ webpack-internal:///(app-pages-browser)/./node_modules/.pnpm/next@15.1.0_react-dom@19.0.0_react@19.0.0__react@19.0.0/node_modules/next/dist/client/components/react-dev-overlay/app/hot-reloader-client.js:240
[    8110ms] [LOG] [Fast Refresh] done in 60ms @ webpack-internal:///(app-pages-browser)/./node_modules/.pnpm/next@15.1.0_react-dom@19.0.0_react@19.0.0__react@19.0.0/node_modules/next/dist/client/components/react-dev-overlay/app/hot-reloader-client.js:67
[    8151ms] [LOG] [Fast Refresh] rebuilding @ webpack-internal:///(app-pages-browser)/./node_modules/.pnpm/next@15.1.0_react-dom@19.0.0_react@19.0.0__react@19.0.0/node_modules/next/dist/client/components/react-dev-overlay/app/hot-reloader-client.js:240
[    8213ms] [LOG] [Fast Refresh] done in 63ms @ webpack-internal:///(app-pages-browser)/./node_modules/.pnpm/next@15.1.0_react-dom@19.0.0_react@19.0.0__react@19.0.0/node_modules/next/dist/client/components/react-dev-overlay/app/hot-reloader-client.js:67
[    8253ms] [LOG] [Fast Refresh] rebuilding @ webpack-internal:///(app-pages-browser)/./node_modules/.pnpm/next@15.1.0_react-dom@19.0.0_react@19.0.0__react@19.0.0/node_modules/next/dist/client/components/react-dev-overlay/app/hot-reloader-client.js:240
[    8310ms] [LOG] [Fast Refresh] done in 57ms @ webpack-internal:///(app-pages-browser)/./node_modules/.pnpm/next@15.1.0_react-dom@19.0.0_react@19.0.0__react@19.0.0/node_modules/next/dist/client/components/react-dev-overlay/app/hot-reloader-client.js:67
[    8353ms] [LOG] [Fast Refresh] rebuilding @ webpack-internal:///(app-pages-browser)/./node_modules/.pnpm/next@15.1.0_react-dom@19.0.0_react@19.0.0__react@19.0.0/node_modules/next/dist/client/components/react-dev-overlay/app/hot-reloader-client.js:240
[    8419ms] [LOG] [Fast Refresh] done in 67ms @ webpack-internal:///(app-pages-browser)/./node_modules/.pnpm/next@15.1.0_react-dom@19.0.0_react@19.0.0__react@19.0.0/node_modules/next/dist/client/components/react-dev-overlay/app/hot-reloader-client.js:67
[    8455ms] [LOG] [Fast Refresh] rebuilding @ webpack-internal:///(app-pages-browser)/./node_modules/.pnpm/next@15.1.0_react-dom@19.0.0_react@19.0.0__react@19.0.0/node_modules/next/dist/client/components/react-dev-overlay/app/hot-reloader-client.js:240
[    8515ms] [LOG] [Fast Refresh] done in 60ms @ webpack-internal:///(app-pages-browser)/./node_modules/.pnpm/next@15.1.0_react-dom@19.0.0_react@19.0.0__react@19.0.0/node_modules/next/dist/client/components/react-dev-overlay/app/hot-reloader-client.js:67
[    8557ms] [LOG] [Fast Refresh] rebuilding @ webpack-internal:///(app-pages-browser)/./node_modules/.pnpm/next@15.1.0_react-dom@19.0.0_react@19.0.0__react@19.0.0/node_modules/next/dist/client/components/react-dev-overlay/app/hot-reloader-client.js:240
[    8612ms] [LOG] [Fast Refresh] done in 55ms @ webpack-internal:///(app-pages-browser)/./node_modules/.pnpm/next@15.1.0_react-dom@19.0.0_react@19.0.0__react@19.0.0/node_modules/next/dist/client/components/react-dev-overlay/app/hot-reloader-client.js:67
[    8658ms] [LOG] [Fast Refresh] rebuilding @ webpack-internal:///(app-pages-browser)/./node_modules/.pnpm/next@15.1.0_react-dom@19.0.0_react@19.0.0__react@19.0.0/node_modules/next/dist/client/components/react-dev-overlay/app/hot-reloader-client.js:240
[    8714ms] [LOG] [Fast Refresh] done in 56ms @ webpack-internal:///(app-pages-browser)/./node_modules/.pnpm/next@15.1.0_react-dom@19.0.0_react@19.0.0__react@19.0.0/node_modules/next/dist/client/components/react-dev-overlay/app/hot-reloader-client.js:67
[    8760ms] [LOG] [Fast Refresh] rebuilding @ webpack-internal:///(app-pages-browser)/./node_modules/.pnpm/next@15.1.0_react-dom@19.0.0_react@19.0.0__react@19.0.0/node_modules/next/dist/client/components/react-dev-overlay/app/hot-reloader-client.js:240
[    8816ms] [LOG] [Fast Refresh] done in 56ms @ webpack-internal:///(app-pages-browser)/./node_modules/.pnpm/next@15.1.0_react-dom@19.0.0_react@19.0.0__react@19.0.0/node_modules/next/dist/client/components/react-dev-overlay/app/hot-reloader-client.js:67
[    8863ms] [LOG] [Fast Refresh] rebuilding @ webpack-internal:///(app-pages-browser)/./node_modules/.pnpm/next@15.1.0_react-dom@19.0.0_react@19.0.0__react@19.0.0/node_modules/next/dist/client/components/react-dev-overlay/app/hot-reloader-client.js:240
[    8922ms] [LOG] [Fast Refresh] done in 58ms @ webpack-internal:///(app-pages-browser)/./node_modules/.pnpm/next@15.1.0_react-dom@19.0.0_react@19.0.0__react@19.0.0/node_modules/next/dist/client/components/react-dev-overlay/app/hot-reloader-client.js:67
[    8964ms] [LOG] [Fast Refresh] rebuilding @ webpack-internal:///(app-pages-browser)/./node_modules/.pnpm/next@15.1.0_react-dom@19.0.0_react@19.0.0__react@19.0.0/node_modules/next/dist/client/components/react-dev-overlay/app/hot-reloader-client.js:240
[    9016ms] [LOG] [Fast Refresh] rebuilding @ webpack-internal:///(app-pages-browser)/./node_modules/.pnpm/next@15.1.0_react-dom@19.0.0_react@19.0.0__react@19.0.0/node_modules/next/dist/client/components/react-dev-overlay/app/hot-reloader-client.js:240
[    9019ms] [LOG] [Fast Refresh] done in 3ms @ webpack-internal:///(app-pages-browser)/./node_modules/.pnpm/next@15.1.0_react-dom@19.0.0_react@19.0.0__react@19.0.0/node_modules/next/dist/client/components/react-dev-overlay/app/hot-reloader-client.js:67
[    9085ms] [LOG] [Fast Refresh] done in 70ms @ webpack-internal:///(app-pages-browser)/./node_modules/.pnpm/next@15.1.0_react-dom@19.0.0_react@19.0.0__react@19.0.0/node_modules/next/dist/client/components/react-dev-overlay/app/hot-reloader-client.js:67
[    9116ms] [LOG] [Fast Refresh] rebuilding @ webpack-internal:///(app-pages-browser)/./node_modules/.pnpm/next@15.1.0_react-dom@19.0.0_react@19.0.0__react@19.0.0/node_modules/next/dist/client/components/react-dev-overlay/app/hot-reloader-client.js:240
[    9180ms] [LOG] [Fast Refresh] done in 63ms @ webpack-internal:///(app-pages-browser)/./node_modules/.pnpm/next@15.1.0_react-dom@19.0.0_react@19.0.0__react@19.0.0/node_modules/next/dist/client/components/react-dev-overlay/app/hot-reloader-client.js:67
[    9217ms] [LOG] [Fast Refresh] rebuilding @ webpack-internal:///(app-pages-browser)/./node_modules/.pnpm/next@15.1.0_react-dom@19.0.0_react@19.0.0__react@19.0.0/node_modules/next/dist/client/components/react-dev-overlay/app/hot-reloader-client.js:240
[    9276ms] [LOG] [Fast Refresh] done in 60ms @ webpack-internal:///(app-pages-browser)/./node_modules/.pnpm/next@15.1.0_react-dom@19.0.0_react@19.0.0__react@19.0.0/node_modules/next/dist/client/components/react-dev-overlay/app/hot-reloader-client.js:67
[    9318ms] [LOG] [Fast Refresh] rebuilding @ webpack-internal:///(app-pages-browser)/./node_modules/.pnpm/next@15.1.0_react-dom@19.0.0_react@19.0.0__react@19.0.0/node_modules/next/dist/client/components/react-dev-overlay/app/hot-reloader-client.js:240
[    9382ms] [LOG] [Fast Refresh] done in 64ms @ webpack-internal:///(app-pages-browser)/./node_modules/.pnpm/next@15.1.0_react-dom@19.0.0_react@19.0.0__react@19.0.0/node_modules/next/dist/client/components/react-dev-overlay/app/hot-reloader-client.js:67
[    9420ms] [LOG] [Fast Refresh] rebuilding @ webpack-internal:///(app-pages-browser)/./node_modules/.pnpm/next@15.1.0_react-dom@19.0.0_react@19.0.0__react@19.0.0/node_modules/next/dist/client/components/react-dev-overlay/app/hot-reloader-client.js:240
[    9481ms] [LOG] [Fast Refresh] done in 61ms @ webpack-internal:///(app-pages-browser)/./node_modules/.pnpm/next@15.1.0_react-dom@19.0.0_react@19.0.0__react@19.0.0/node_modules/next/dist/client/components/react-dev-overlay/app/hot-reloader-client.js:67
[    9522ms] [LOG] [Fast Refresh] rebuilding @ webpack-internal:///(app-pages-browser)/./node_modules/.pnpm/next@15.1.0_react-dom@19.0.0_react@19.0.0__react@19.0.0/node_modules/next/dist/client/components/react-dev-overlay/app/hot-reloader-client.js:240
[    9579ms] [LOG] [Fast Refresh] done in 57ms @ webpack-internal:///(app-pages-browser)/./node_modules/.pnpm/next@15.1.0_react-dom@19.0.0_react@19.0.0__react@19.0.0/node_modules/next/dist/client/components/react-dev-overlay/app/hot-reloader-client.js:67
[    9628ms] [LOG] [Fast Refresh] rebuilding @ webpack-internal:///(app-pages-browser)/./node_modules/.pnpm/next@15.1.0_react-dom@19.0.0_react@19.0.0__react@19.0.0/node_modules/next/dist/client/components/react-dev-overlay/app/hot-reloader-client.js:240
[    9684ms] [LOG] [Fast Refresh] done in 57ms @ webpack-internal:///(app-pages-browser)/./node_modules/.pnpm/next@15.1.0_react-dom@19.0.0_react@19.0.0__react@19.0.0/node_modules/next/dist/client/components/react-dev-overlay/app/hot-reloader-client.js:67
[    9726ms] [LOG] [Fast Refresh] rebuilding @ webpack-internal:///(app-pages-browser)/./node_modules/.pnpm/next@15.1.0_react-dom@19.0.0_react@19.0.0__react@19.0.0/node_modules/next/dist/client/components/react-dev-overlay/app/hot-reloader-client.js:240
[    9780ms] [LOG] [Fast Refresh] done in 55ms @ webpack-internal:///(app-pages-browser)/./node_modules/.pnpm/next@15.1.0_react-dom@19.0.0_react@19.0.0__react@19.0.0/node_modules/next/dist/client/components/react-dev-overlay/app/hot-reloader-client.js:67
[    9827ms] [LOG] [Fast Refresh] rebuilding @ webpack-internal:///(app-pages-browser)/./node_modules/.pnpm/next@15.1.0_react-dom@19.0.0_react@19.0.0__react@19.0.0/node_modules/next/dist/client/components/react-dev-overlay/app/hot-reloader-client.js:240
[    9884ms] [LOG] [Fast Refresh] done in 57ms @ webpack-internal:///(app-pages-browser)/./node_modules/.pnpm/next@15.1.0_react-dom@19.0.0_react@19.0.0__react@19.0.0/node_modules/next/dist/client/components/react-dev-overlay/app/hot-reloader-client.js:67
[    9928ms] [LOG] [Fast Refresh] rebuilding @ webpack-internal:///(app-pages-browser)/./node_modules/.pnpm/next@15.1.0_react-dom@19.0.0_react@19.0.0__react@19.0.0/node_modules/next/dist/client/components/react-dev-overlay/app/hot-reloader-client.js:240
[    9984ms] [LOG] [Fast Refresh] done in 56ms @ webpack-internal:///(app-pages-browser)/./node_modules/.pnpm/next@15.1.0_react-dom@19.0.0_react@19.0.0__react@19.0.0/node_modules/next/dist/client/components/react-dev-overlay/app/hot-reloader-client.js:67
[   10029ms] [LOG] [Fast Refresh] rebuilding @ webpack-internal:///(app-pages-browser)/./node_modules/.pnpm/next@15.1.0_react-dom@19.0.0_react@19.0.0__react@19.0.0/node_modules/next/dist/client/components/react-dev-overlay/app/hot-reloader-client.js:240
[   10082ms] [LOG] [Fast Refresh] rebuilding @ webpack-internal:///(app-pages-browser)/./node_modules/.pnpm/next@15.1.0_react-dom@19.0.0_react@19.0.0__react@19.0.0/node_modules/next/dist/client/components/react-dev-overlay/app/hot-reloader-client.js:240
[   10084ms] [LOG] [Fast Refresh] done in 2ms @ webpack-internal:///(app-pages-browser)/./node_modules/.pnpm/next@15.1.0_react-dom@19.0.0_react@19.0.0__react@19.0.0/node_modules/next/dist/client/components/react-dev-overlay/app/hot-reloader-client.js:67
[   10152ms] [LOG] [Fast Refresh] done in 71ms @ webpack-internal:///(app-pages-browser)/./node_modules/.pnpm/next@15.1.0_react-dom@19.0.0_react@19.0.0__react@19.0.0/node_modules/next/dist/client/components/react-dev-overlay/app/hot-reloader-client.js:67
[   10182ms] [LOG] [Fast Refresh] rebuilding @ webpack-internal:///(app-pages-browser)/./node_modules/.pnpm/next@15.1.0_react-dom@19.0.0_react@19.0.0__react@19.0.0/node_modules/next/dist/client/components/react-dev-overlay/app/hot-reloader-client.js:240
[   10242ms] [LOG] [Fast Refresh] done in 61ms @ webpack-internal:///(app-pages-browser)/./node_modules/.pnpm/next@15.1.0_react-dom@19.0.0_react@19.0.0__react@19.0.0/node_modules/next/dist/client/components/react-dev-overlay/app/hot-reloader-client.js:67
[   10283ms] [LOG] [Fast Refresh] rebuilding @ webpack-internal:///(app-pages-browser)/./node_modules/.pnpm/next@15.1.0_react-dom@19.0.0_react@19.0.0__react@19.0.0/node_modules/next/dist/client/components/react-dev-overlay/app/hot-reloader-client.js:240
[   10338ms] [LOG] [Fast Refresh] done in 54ms @ webpack-internal:///(app-pages-browser)/./node_modules/.pnpm/next@15.1.0_react-dom@19.0.0_react@19.0.0__react@19.0.0/node_modules/next/dist/client/components/react-dev-overlay/app/hot-reloader-client.js:67
[   10385ms] [LOG] [Fast Refresh] rebuilding @ webpack-internal:///(app-pages-browser)/./node_modules/.pnpm/next@15.1.0_react-dom@19.0.0_react@19.0.0__react@19.0.0/node_modules/next/dist/client/components/react-dev-overlay/app/hot-reloader-client.js:240
[   10441ms] [LOG] [Fast Refresh] done in 56ms @ webpack-internal:///(app-pages-browser)/./node_modules/.pnpm/next@15.1.0_react-dom@19.0.0_react@19.0.0__react@19.0.0/node_modules/next/dist/client/components/react-dev-overlay/app/hot-reloader-client.js:67
[   10486ms] [LOG] [Fast Refresh] rebuilding @ webpack-internal:///(app-pages-browser)/./node_modules/.pnpm/next@15.1.0_react-dom@19.0.0_react@19.0.0__react@19.0.0/node_modules/next/dist/client/components/react-dev-overlay/app/hot-reloader-client.js:240
[   10546ms] [LOG] [Fast Refresh] done in 60ms @ webpack-internal:///(app-pages-browser)/./node_modules/.pnpm/next@15.1.0_react-dom@19.0.0_react@19.0.0__react@19.0.0/node_modules/next/dist/client/components/react-dev-overlay/app/hot-reloader-client.js:67
[   10588ms] [LOG] [Fast Refresh] rebuilding @ webpack-internal:///(app-pages-browser)/./node_modules/.pnpm/next@15.1.0_react-dom@19.0.0_react@19.0.0__react@19.0.0/node_modules/next/dist/client/components/react-dev-overlay/app/hot-reloader-client.js:240
[   10644ms] [LOG] [Fast Refresh] done in 55ms @ webpack-internal:///(app-pages-browser)/./node_modules/.pnpm/next@15.1.0_react-dom@19.0.0_react@19.0.0__react@19.0.0/node_modules/next/dist/client/components/react-dev-overlay/app/hot-reloader-client.js:67
[   10690ms] [LOG] [Fast Refresh] rebuilding @ webpack-internal:///(app-pages-browser)/./node_modules/.pnpm/next@15.1.0_react-dom@19.0.0_react@19.0.0__react@19.0.0/node_modules/next/dist/client/components/react-dev-overlay/app/hot-reloader-client.js:240
[   10741ms] [LOG] [Fast Refresh] rebuilding @ webpack-internal:///(app-pages-browser)/./node_modules/.pnpm/next@15.1.0_react-dom@19.0.0_react@19.0.0__react@19.0.0/node_modules/next/dist/client/components/react-dev-overlay/app/hot-reloader-client.js:240
[   10744ms] [LOG] [Fast Refresh] done in 3ms @ webpack-internal:///(app-pages-browser)/./node_modules/.pnpm/next@15.1.0_react-dom@19.0.0_react@19.0.0__react@19.0.0/node_modules/next/dist/client/components/react-dev-overlay/app/hot-reloader-client.js:67
[   10811ms] [LOG] [Fast Refresh] done in 70ms @ webpack-internal:///(app-pages-browser)/./node_modules/.pnpm/next@15.1.0_react-dom@19.0.0_react@19.0.0__react@19.0.0/node_modules/next/dist/client/components/react-dev-overlay/app/hot-reloader-client.js:67
[   10842ms] [LOG] [Fast Refresh] rebuilding @ webpack-internal:///(app-pages-browser)/./node_modules/.pnpm/next@15.1.0_react-dom@19.0.0_react@19.0.0__react@19.0.0/node_modules/next/dist/client/components/react-dev-overlay/app/hot-reloader-client.js:240
[   10900ms] [LOG] [Fast Refresh] done in 59ms @ webpack-internal:///(app-pages-browser)/./node_modules/.pnpm/next@15.1.0_react-dom@19.0.0_react@19.0.0__react@19.0.0/node_modules/next/dist/client/components/react-dev-overlay/app/hot-reloader-client.js:67
[   10951ms] [LOG] [Fast Refresh] rebuilding @ webpack-internal:///(app-pages-browser)/./node_modules/.pnpm/next@15.1.0_react-dom@19.0.0_react@19.0.0__react@19.0.0/node_modules/next/dist/client/components/react-dev-overlay/app/hot-reloader-client.js:240
[   11026ms] [LOG] [Fast Refresh] done in 75ms @ webpack-internal:///(app-pages-browser)/./node_modules/.pnpm/next@15.1.0_react-dom@19.0.0_react@19.0.0__react@19.0.0/node_modules/next/dist/client/components/react-dev-overlay/app/hot-reloader-client.js:67
[   11045ms] [LOG] [Fast Refresh] rebuilding @ webpack-internal:///(app-pages-browser)/./node_modules/.pnpm/next@15.1.0_react-dom@19.0.0_react@19.0.0__react@19.0.0/node_modules/next/dist/client/components/react-dev-overlay/app/hot-reloader-client.js:240
[   11105ms] [LOG] [Fast Refresh] done in 61ms @ webpack-internal:///(app-pages-browser)/./node_modules/.pnpm/next@15.1.0_react-dom@19.0.0_react@19.0.0__react@19.0.0/node_modules/next/dist/client/components/react-dev-overlay/app/hot-reloader-client.js:67
[   11146ms] [LOG] [Fast Refresh] rebuilding @ webpack-internal:///(app-pages-browser)/./node_modules/.pnpm/next@15.1.0_react-dom@19.0.0_react@19.0.0__react@19.0.0/node_modules/next/dist/client/components/react-dev-overlay/app/hot-reloader-client.js:240
[   11205ms] [LOG] [Fast Refresh] done in 59ms @ webpack-internal:///(app-pages-browser)/./node_modules/.pnpm/next@15.1.0_react-dom@19.0.0_react@19.0.0__react@19.0.0/node_modules/next/dist/client/components/react-dev-overlay/app/hot-reloader-client.js:67
[   11249ms] [LOG] [Fast Refresh] rebuilding @ webpack-internal:///(app-pages-browser)/./node_modules/.pnpm/next@15.1.0_react-dom@19.0.0_react@19.0.0__react@19.0.0/node_modules/next/dist/client/components/react-dev-overlay/app/hot-reloader-client.js:240
[   11304ms] [LOG] [Fast Refresh] done in 56ms @ webpack-internal:///(app-pages-browser)/./node_modules/.pnpm/next@15.1.0_react-dom@19.0.0_react@19.0.0__react@19.0.0/node_modules/next/dist/client/components/react-dev-overlay/app/hot-reloader-client.js:67
[   11350ms] [LOG] [Fast Refresh] rebuilding @ webpack-internal:///(app-pages-browser)/./node_modules/.pnpm/next@15.1.0_react-dom@19.0.0_react@19.0.0__react@19.0.0/node_modules/next/dist/client/components/react-dev-overlay/app/hot-reloader-client.js:240
[   11409ms] [LOG] [Fast Refresh] done in 59ms @ webpack-internal:///(app-pages-browser)/./node_modules/.pnpm/next@15.1.0_react-dom@19.0.0_react@19.0.0__react@19.0.0/node_modules/next/dist/client/components/react-dev-overlay/app/hot-reloader-client.js:67
[   11453ms] [LOG] [Fast Refresh] rebuilding @ webpack-internal:///(app-pages-browser)/./node_modules/.pnpm/next@15.1.0_react-dom@19.0.0_react@19.0.0__react@19.0.0/node_modules/next/dist/client/components/react-dev-overlay/app/hot-reloader-client.js:240
[   11516ms] [LOG] [Fast Refresh] done in 63ms @ webpack-internal:///(app-pages-browser)/./node_modules/.pnpm/next@15.1.0_react-dom@19.0.0_react@19.0.0__react@19.0.0/node_modules/next/dist/client/components/react-dev-overlay/app/hot-reloader-client.js:67
[   11554ms] [LOG] [Fast Refresh] rebuilding @ webpack-internal:///(app-pages-browser)/./node_modules/.pnpm/next@15.1.0_react-dom@19.0.0_react@19.0.0__react@19.0.0/node_modules/next/dist/client/components/react-dev-overlay/app/hot-reloader-client.js:240
[   11614ms] [LOG] [Fast Refresh] done in 59ms @ webpack-internal:///(app-pages-browser)/./node_modules/.pnpm/next@15.1.0_react-dom@19.0.0_react@19.0.0__react@19.0.0/node_modules/next/dist/client/components/react-dev-overlay/app/hot-reloader-client.js:67
[   11656ms] [LOG] [Fast Refresh] rebuilding @ webpack-internal:///(app-pages-browser)/./node_modules/.pnpm/next@15.1.0_react-dom@19.0.0_react@19.0.0__react@19.0.0/node_modules/next/dist/client/components/react-dev-overlay/app/hot-reloader-client.js:240
[   11715ms] [LOG] [Fast Refresh] done in 59ms @ webpack-internal:///(app-pages-browser)/./node_modules/.pnpm/next@15.1.0_react-dom@19.0.0_react@19.0.0__react@19.0.0/node_modules/next/dist/client/components/react-dev-overlay/app/hot-reloader-client.js:67
[   11758ms] [LOG] [Fast Refresh] rebuilding @ webpack-internal:///(app-pages-browser)/./node_modules/.pnpm/next@15.1.0_react-dom@19.0.0_react@19.0.0__react@19.0.0/node_modules/next/dist/client/components/react-dev-overlay/app/hot-reloader-client.js:240
[   11816ms] [LOG] [Fast Refresh] done in 58ms @ webpack-internal:///(app-pages-browser)/./node_modules/.pnpm/next@15.1.0_react-dom@19.0.0_react@19.0.0__react@19.0.0/node_modules/next/dist/client/components/react-dev-overlay/app/hot-reloader-client.js:67
[   11858ms] [LOG] [Fast Refresh] rebuilding @ webpack-internal:///(app-pages-browser)/./node_modules/.pnpm/next@15.1.0_react-dom@19.0.0_react@19.0.0__react@19.0.0/node_modules/next/dist/client/components/react-dev-overlay/app/hot-reloader-client.js:240
[   11916ms] [LOG] [Fast Refresh] done in 58ms @ webpack-internal:///(app-pages-browser)/./node_modules/.pnpm/next@15.1.0_react-dom@19.0.0_react@19.0.0__react@19.0.0/node_modules/next/dist/client/components/react-dev-overlay/app/hot-reloader-client.js:67
[   11960ms] [LOG] [Fast Refresh] rebuilding @ webpack-internal:///(app-pages-browser)/./node_modules/.pnpm/next@15.1.0_react-dom@19.0.0_react@19.0.0__react@19.0.0/node_modules/next/dist/client/components/react-dev-overlay/app/hot-reloader-client.js:240
[   12014ms] [LOG] [Fast Refresh] done in 54ms @ webpack-internal:///(app-pages-browser)/./node_modules/.pnpm/next@15.1.0_react-dom@19.0.0_react@19.0.0__react@19.0.0/node_modules/next/dist/client/components/react-dev-overlay/app/hot-reloader-client.js:67
[   12061ms] [LOG] [Fast Refresh] rebuilding @ webpack-internal:///(app-pages-browser)/./node_modules/.pnpm/next@15.1.0_react-dom@19.0.0_react@19.0.0__react@19.0.0/node_modules/next/dist/client/components/react-dev-overlay/app/hot-reloader-client.js:240
[   12117ms] [LOG] [Fast Refresh] done in 57ms @ webpack-internal:///(app-pages-browser)/./node_modules/.pnpm/next@15.1.0_react-dom@19.0.0_react@19.0.0__react@19.0.0/node_modules/next/dist/client/components/react-dev-overlay/app/hot-reloader-client.js:67
[   12161ms] [LOG] [Fast Refresh] rebuilding @ webpack-internal:///(app-pages-browser)/./node_modules/.pnpm/next@15.1.0_react-dom@19.0.0_react@19.0.0__react@19.0.0/node_modules/next/dist/client/components/react-dev-overlay/app/hot-reloader-client.js:240
[   12226ms] [LOG] [Fast Refresh] done in 64ms @ webpack-internal:///(app-pages-browser)/./node_modules/.pnpm/next@15.1.0_react-dom@19.0.0_react@19.0.0__react@19.0.0/node_modules/next/dist/client/components/react-dev-overlay/app/hot-reloader-client.js:67
[   12263ms] [LOG] [Fast Refresh] rebuilding @ webpack-internal:///(app-pages-browser)/./node_modules/.pnpm/next@15.1.0_react-dom@19.0.0_react@19.0.0__react@19.0.0/node_modules/next/dist/client/components/react-dev-overlay/app/hot-reloader-client.js:240
[   12320ms] [LOG] [Fast Refresh] done in 58ms @ webpack-internal:///(app-pages-browser)/./node_modules/.pnpm/next@15.1.0_react-dom@19.0.0_react@19.0.0__react@19.0.0/node_modules/next/dist/client/components/react-dev-overlay/app/hot-reloader-client.js:67
[   12364ms] [LOG] [Fast Refresh] rebuilding @ webpack-internal:///(app-pages-browser)/./node_modules/.pnpm/next@15.1.0_react-dom@19.0.0_react@19.0.0__react@19.0.0/node_modules/next/dist/client/components/react-dev-overlay/app/hot-reloader-client.js:240
[   12420ms] [LOG] [Fast Refresh] done in 56ms @ webpack-internal:///(app-pages-browser)/./node_modules/.pnpm/next@15.1.0_react-dom@19.0.0_react@19.0.0__react@19.0.0/node_modules/next/dist/client/components/react-dev-overlay/app/hot-reloader-client.js:67
[   12466ms] [LOG] [Fast Refresh] rebuilding @ webpack-internal:///(app-pages-browser)/./node_modules/.pnpm/next@15.1.0_react-dom@19.0.0_react@19.0.0__react@19.0.0/node_modules/next/dist/client/components/react-dev-overlay/app/hot-reloader-client.js:240
[   12528ms] [LOG] [Fast Refresh] done in 61ms @ webpack-internal:///(app-pages-browser)/./node_modules/.pnpm/next@15.1.0_react-dom@19.0.0_react@19.0.0__react@19.0.0/node_modules/next/dist/client/components/react-dev-overlay/app/hot-reloader-client.js:67
[   12569ms] [LOG] [Fast Refresh] rebuilding @ webpack-internal:///(app-pages-browser)/./node_modules/.pnpm/next@15.1.0_react-dom@19.0.0_react@19.0.0__react@19.0.0/node_modules/next/dist/client/components/react-dev-overlay/app/hot-reloader-client.js:240
[   12627ms] [LOG] [Fast Refresh] done in 59ms @ webpack-internal:///(app-pages-browser)/./node_modules/.pnpm/next@15.1.0_react-dom@19.0.0_react@19.0.0__react@19.0.0/node_modules/next/dist/client/components/react-dev-overlay/app/hot-reloader-client.js:67
[   12669ms] [LOG] [Fast Refresh] rebuilding @ webpack-internal:///(app-pages-browser)/./node_modules/.pnpm/next@15.1.0_react-dom@19.0.0_react@19.0.0__react@19.0.0/node_modules/next/dist/client/components/react-dev-overlay/app/hot-reloader-client.js:240
[   12731ms] [LOG] [Fast Refresh] done in 61ms @ webpack-internal:///(app-pages-browser)/./node_modules/.pnpm/next@15.1.0_react-dom@19.0.0_react@19.0.0__react@19.0.0/node_modules/next/dist/client/components/react-dev-overlay/app/hot-reloader-client.js:67
[   12771ms] [LOG] [Fast Refresh] rebuilding @ webpack-internal:///(app-pages-browser)/./node_modules/.pnpm/next@15.1.0_react-dom@19.0.0_react@19.0.0__react@19.0.0/node_modules/next/dist/client/components/react-dev-overlay/app/hot-reloader-client.js:240
[   12831ms] [LOG] [Fast Refresh] done in 60ms @ webpack-internal:///(app-pages-browser)/./node_modules/.pnpm/next@15.1.0_react-dom@19.0.0_react@19.0.0__react@19.0.0/node_modules/next/dist/client/components/react-dev-overlay/app/hot-reloader-client.js:67
[   12873ms] [LOG] [Fast Refresh] rebuilding @ webpack-internal:///(app-pages-browser)/./node_modules/.pnpm/next@15.1.0_react-dom@19.0.0_react@19.0.0__react@19.0.0/node_modules/next/dist/client/components/react-dev-overlay/app/hot-reloader-client.js:240
[   12928ms] [LOG] [Fast Refresh] rebuilding @ webpack-internal:///(app-pages-browser)/./node_modules/.pnpm/next@15.1.0_react-dom@19.0.0_react@19.0.0__react@19.0.0/node_modules/next/dist/client/components/react-dev-overlay/app/hot-reloader-client.js:240
[   12931ms] [LOG] [Fast Refresh] done in 4ms @ webpack-internal:///(app-pages-browser)/./node_modules/.pnpm/next@15.1.0_react-dom@19.0.0_react@19.0.0__react@19.0.0/node_modules/next/dist/client/components/react-dev-overlay/app/hot-reloader-client.js:67
[   12993ms] [LOG] [Fast Refresh] done in 65ms @ webpack-internal:///(app-pages-browser)/./node_modules/.pnpm/next@15.1.0_react-dom@19.0.0_react@19.0.0__react@19.0.0/node_modules/next/dist/client/components/react-dev-overlay/app/hot-reloader-client.js:67
[   13031ms] [LOG] [Fast Refresh] rebuilding @ webpack-internal:///(app-pages-browser)/./node_modules/.pnpm/next@15.1.0_react-dom@19.0.0_react@19.0.0__react@19.0.0/node_modules/next/dist/client/components/react-dev-overlay/app/hot-reloader-client.js:240
[   13102ms] [LOG] [Fast Refresh] done in 71ms @ webpack-internal:///(app-pages-browser)/./node_modules/.pnpm/next@15.1.0_react-dom@19.0.0_react@19.0.0__react@19.0.0/node_modules/next/dist/client/components/react-dev-overlay/app/hot-reloader-client.js:67
[   13126ms] [LOG] [Fast Refresh] rebuilding @ webpack-internal:///(app-pages-browser)/./node_modules/.pnpm/next@15.1.0_react-dom@19.0.0_react@19.0.0__react@19.0.0/node_modules/next/dist/client/components/react-dev-overlay/app/hot-reloader-client.js:240
[   13190ms] [LOG] [Fast Refresh] done in 64ms @ webpack-internal:///(app-pages-browser)/./node_modules/.pnpm/next@15.1.0_react-dom@19.0.0_react@19.0.0__react@19.0.0/node_modules/next/dist/client/components/react-dev-overlay/app/hot-reloader-client.js:67
[   13229ms] [LOG] [Fast Refresh] rebuilding @ webpack-internal:///(app-pages-browser)/./node_modules/.pnpm/next@15.1.0_react-dom@19.0.0_react@19.0.0__react@19.0.0/node_modules/next/dist/client/components/react-dev-overlay/app/hot-reloader-client.js:240
[   13412ms] [LOG] [Fast Refresh] done in 182ms @ webpack-internal:///(app-pages-browser)/./node_modules/.pnpm/next@15.1.0_react-dom@19.0.0_react@19.0.0__react@19.0.0/node_modules/next/dist/client/components/react-dev-overlay/app/hot-reloader-client.js:67
[   13459ms] [LOG] [Fast Refresh] rebuilding @ webpack-internal:///(app-pages-browser)/./node_modules/.pnpm/next@15.1.0_react-dom@19.0.0_react@19.0.0__react@19.0.0/node_modules/next/dist/client/components/react-dev-overlay/app/hot-reloader-client.js:240
[   13527ms] [LOG] [Fast Refresh] done in 67ms @ webpack-internal:///(app-pages-browser)/./node_modules/.pnpm/next@15.1.0_react-dom@19.0.0_react@19.0.0__react@19.0.0/node_modules/next/dist/client/components/react-dev-overlay/app/hot-reloader-client.js:67
[   13559ms] [LOG] [Fast Refresh] rebuilding @ webpack-internal:///(app-pages-browser)/./node_modules/.pnpm/next@15.1.0_react-dom@19.0.0_react@19.0.0__react@19.0.0/node_modules/next/dist/client/components/react-dev-overlay/app/hot-reloader-client.js:240
[   13625ms] [LOG] [Fast Refresh] done in 65ms @ webpack-internal:///(app-pages-browser)/./node_modules/.pnpm/next@15.1.0_react-dom@19.0.0_react@19.0.0__react@19.0.0/node_modules/next/dist/client/components/react-dev-overlay/app/hot-reloader-client.js:67
[   13661ms] [LOG] [Fast Refresh] rebuilding @ webpack-internal:///(app-pages-browser)/./node_modules/.pnpm/next@15.1.0_react-dom@19.0.0_react@19.0.0__react@19.0.0/node_modules/next/dist/client/components/react-dev-overlay/app/hot-reloader-client.js:240
[   13725ms] [LOG] [Fast Refresh] done in 65ms @ webpack-internal:///(app-pages-browser)/./node_modules/.pnpm/next@15.1.0_react-dom@19.0.0_react@19.0.0__react@19.0.0/node_modules/next/dist/client/components/react-dev-overlay/app/hot-reloader-client.js:67
[   13761ms] [LOG] [Fast Refresh] rebuilding @ webpack-internal:///(app-pages-browser)/./node_modules/.pnpm/next@15.1.0_react-dom@19.0.0_react@19.0.0__react@19.0.0/node_modules/next/dist/client/components/react-dev-overlay/app/hot-reloader-client.js:240
[   13817ms] [LOG] [Fast Refresh] done in 55ms @ webpack-internal:///(app-pages-browser)/./node_modules/.pnpm/next@15.1.0_react-dom@19.0.0_react@19.0.0__react@19.0.0/node_modules/next/dist/client/components/react-dev-overlay/app/hot-reloader-client.js:67
[   13863ms] [LOG] [Fast Refresh] rebuilding @ webpack-internal:///(app-pages-browser)/./node_modules/.pnpm/next@15.1.0_react-dom@19.0.0_react@19.0.0__react@19.0.0/node_modules/next/dist/client/components/react-dev-overlay/app/hot-reloader-client.js:240
[   13918ms] [LOG] [Fast Refresh] done in 56ms @ webpack-internal:///(app-pages-browser)/./node_modules/.pnpm/next@15.1.0_react-dom@19.0.0_react@19.0.0__react@19.0.0/node_modules/next/dist/client/components/react-dev-overlay/app/hot-reloader-client.js:67
[   13965ms] [LOG] [Fast Refresh] rebuilding @ webpack-internal:///(app-pages-browser)/./node_modules/.pnpm/next@15.1.0_react-dom@19.0.0_react@19.0.0__react@19.0.0/node_modules/next/dist/client/components/react-dev-overlay/app/hot-reloader-client.js:240
[   14033ms] [LOG] [Fast Refresh] done in 68ms @ webpack-internal:///(app-pages-browser)/./node_modules/.pnpm/next@15.1.0_react-dom@19.0.0_react@19.0.0__react@19.0.0/node_modules/next/dist/client/components/react-dev-overlay/app/hot-reloader-client.js:67
[   14074ms] [LOG] [Fast Refresh] rebuilding @ webpack-internal:///(app-pages-browser)/./node_modules/.pnpm/next@15.1.0_react-dom@19.0.0_react@19.0.0__react@19.0.0/node_modules/next/dist/client/components/react-dev-overlay/app/hot-reloader-client.js:240
[   14146ms] [LOG] [Fast Refresh] done in 71ms @ webpack-internal:///(app-pages-browser)/./node_modules/.pnpm/next@15.1.0_react-dom@19.0.0_react@19.0.0__react@19.0.0/node_modules/next/dist/client/components/react-dev-overlay/app/hot-reloader-client.js:67
[   14168ms] [LOG] [Fast Refresh] rebuilding @ webpack-internal:///(app-pages-browser)/./node_modules/.pnpm/next@15.1.0_react-dom@19.0.0_react@19.0.0__react@19.0.0/node_modules/next/dist/client/components/react-dev-overlay/app/hot-reloader-client.js:240
[   14247ms] [LOG] [Fast Refresh] done in 78ms @ webpack-internal:///(app-pages-browser)/./node_modules/.pnpm/next@15.1.0_react-dom@19.0.0_react@19.0.0__react@19.0.0/node_modules/next/dist/client/components/react-dev-overlay/app/hot-reloader-client.js:67
[   14268ms] [LOG] [Fast Refresh] rebuilding @ webpack-internal:///(app-pages-browser)/./node_modules/.pnpm/next@15.1.0_react-dom@19.0.0_react@19.0.0__react@19.0.0/node_modules/next/dist/client/components/react-dev-overlay/app/hot-reloader-client.js:240
[   14327ms] [LOG] [Fast Refresh] done in 59ms @ webpack-internal:///(app-pages-browser)/./node_modules/.pnpm/next@15.1.0_react-dom@19.0.0_react@19.0.0__react@19.0.0/node_modules/next/dist/client/components/react-dev-overlay/app/hot-reloader-client.js:67
[   14370ms] [LOG] [Fast Refresh] rebuilding @ webpack-internal:///(app-pages-browser)/./node_modules/.pnpm/next@15.1.0_react-dom@19.0.0_react@19.0.0__react@19.0.0/node_modules/next/dist/client/components/react-dev-overlay/app/hot-reloader-client.js:240
[   14430ms] [LOG] [Fast Refresh] done in 60ms @ webpack-internal:///(app-pages-browser)/./node_modules/.pnpm/next@15.1.0_react-dom@19.0.0_react@19.0.0__react@19.0.0/node_modules/next/dist/client/components/react-dev-overlay/app/hot-reloader-client.js:67
[   14472ms] [LOG] [Fast Refresh] rebuilding @ webpack-internal:///(app-pages-browser)/./node_modules/.pnpm/next@15.1.0_react-dom@19.0.0_react@19.0.0__react@19.0.0/node_modules/next/dist/client/components/react-dev-overlay/app/hot-reloader-client.js:240
[   14524ms] [LOG] [Fast Refresh] rebuilding @ webpack-internal:///(app-pages-browser)/./node_modules/.pnpm/next@15.1.0_react-dom@19.0.0_react@19.0.0__react@19.0.0/node_modules/next/dist/client/components/react-dev-overlay/app/hot-reloader-client.js:240
[   14528ms] [LOG] [Fast Refresh] done in 3ms @ webpack-internal:///(app-pages-browser)/./node_modules/.pnpm/next@15.1.0_react-dom@19.0.0_react@19.0.0__react@19.0.0/node_modules/next/dist/client/components/react-dev-overlay/app/hot-reloader-client.js:67
[   14591ms] [LOG] [Fast Refresh] done in 67ms @ webpack-internal:///(app-pages-browser)/./node_modules/.pnpm/next@15.1.0_react-dom@19.0.0_react@19.0.0__react@19.0.0/node_modules/next/dist/client/components/react-dev-overlay/app/hot-reloader-client.js:67
[   14625ms] [LOG] [Fast Refresh] rebuilding @ webpack-internal:///(app-pages-browser)/./node_modules/.pnpm/next@15.1.0_react-dom@19.0.0_react@19.0.0__react@19.0.0/node_modules/next/dist/client/components/react-dev-overlay/app/hot-reloader-client.js:240
[   14681ms] [LOG] [Fast Refresh] done in 57ms @ webpack-internal:///(app-pages-browser)/./node_modules/.pnpm/next@15.1.0_react-dom@19.0.0_react@19.0.0__react@19.0.0/node_modules/next/dist/client/components/react-dev-overlay/app/hot-reloader-client.js:67
[   14727ms] [LOG] [Fast Refresh] rebuilding @ webpack-internal:///(app-pages-browser)/./node_modules/.pnpm/next@15.1.0_react-dom@19.0.0_react@19.0.0__react@19.0.0/node_modules/next/dist/client/components/react-dev-overlay/app/hot-reloader-client.js:240
[   14781ms] [LOG] [Fast Refresh] done in 53ms @ webpack-internal:///(app-pages-browser)/./node_modules/.pnpm/next@15.1.0_react-dom@19.0.0_react@19.0.0__react@19.0.0/node_modules/next/dist/client/components/react-dev-overlay/app/hot-reloader-client.js:67
[   14828ms] [LOG] [Fast Refresh] rebuilding @ webpack-internal:///(app-pages-browser)/./node_modules/.pnpm/next@15.1.0_react-dom@19.0.0_react@19.0.0__react@19.0.0/node_modules/next/dist/client/components/react-dev-overlay/app/hot-reloader-client.js:240
[   14880ms] [LOG] [Fast Refresh] rebuilding @ webpack-internal:///(app-pages-browser)/./node_modules/.pnpm/next@15.1.0_react-dom@19.0.0_react@19.0.0__react@19.0.0/node_modules/next/dist/client/components/react-dev-overlay/app/hot-reloader-client.js:240
[   14882ms] [LOG] [Fast Refresh] done in 3ms @ webpack-internal:///(app-pages-browser)/./node_modules/.pnpm/next@15.1.0_react-dom@19.0.0_react@19.0.0__react@19.0.0/node_modules/next/dist/client/components/react-dev-overlay/app/hot-reloader-client.js:67
[   14947ms] [LOG] [Fast Refresh] done in 67ms @ webpack-internal:///(app-pages-browser)/./node_modules/.pnpm/next@15.1.0_react-dom@19.0.0_react@19.0.0__react@19.0.0/node_modules/next/dist/client/components/react-dev-overlay/app/hot-reloader-client.js:67
[   14979ms] [LOG] [Fast Refresh] rebuilding @ webpack-internal:///(app-pages-browser)/./node_modules/.pnpm/next@15.1.0_react-dom@19.0.0_react@19.0.0__react@19.0.0/node_modules/next/dist/client/components/react-dev-overlay/app/hot-reloader-client.js:240
[   15079ms] [LOG] [Fast Refresh] done in 99ms @ webpack-internal:///(app-pages-browser)/./node_modules/.pnpm/next@15.1.0_react-dom@19.0.0_react@19.0.0__react@19.0.0/node_modules/next/dist/client/components/react-dev-overlay/app/hot-reloader-client.js:67
[   15131ms] [LOG] [Fast Refresh] rebuilding @ webpack-internal:///(app-pages-browser)/./node_modules/.pnpm/next@15.1.0_react-dom@19.0.0_react@19.0.0__react@19.0.0/node_modules/next/dist/client/components/react-dev-overlay/app/hot-reloader-client.js:240
[   15190ms] [LOG] [Fast Refresh] done in 59ms @ webpack-internal:///(app-pages-browser)/./node_modules/.pnpm/next@15.1.0_react-dom@19.0.0_react@19.0.0__react@19.0.0/node_modules/next/dist/client/components/react-dev-overlay/app/hot-reloader-client.js:67
[   15233ms] [LOG] [Fast Refresh] rebuilding @ webpack-internal:///(app-pages-browser)/./node_modules/.pnpm/next@15.1.0_react-dom@19.0.0_react@19.0.0__react@19.0.0/node_modules/next/dist/client/components/react-dev-overlay/app/hot-reloader-client.js:240
[   15290ms] [LOG] [Fast Refresh] done in 57ms @ webpack-internal:///(app-pages-browser)/./node_modules/.pnpm/next@15.1.0_react-dom@19.0.0_react@19.0.0__react@19.0.0/node_modules/next/dist/client/components/react-dev-overlay/app/hot-reloader-client.js:67
[   15335ms] [LOG] [Fast Refresh] rebuilding @ webpack-internal:///(app-pages-browser)/./node_modules/.pnpm/next@15.1.0_react-dom@19.0.0_react@19.0.0__react@19.0.0/node_modules/next/dist/client/components/react-dev-overlay/app/hot-reloader-client.js:240
[   15391ms] [LOG] [Fast Refresh] done in 57ms @ webpack-internal:///(app-pages-browser)/./node_modules/.pnpm/next@15.1.0_react-dom@19.0.0_react@19.0.0__react@19.0.0/node_modules/next/dist/client/components/react-dev-overlay/app/hot-reloader-client.js:67
[   15436ms] [LOG] [Fast Refresh] rebuilding @ webpack-internal:///(app-pages-browser)/./node_modules/.pnpm/next@15.1.0_react-dom@19.0.0_react@19.0.0__react@19.0.0/node_modules/next/dist/client/components/react-dev-overlay/app/hot-reloader-client.js:240
[   15487ms] [LOG] [Fast Refresh] rebuilding @ webpack-internal:///(app-pages-browser)/./node_modules/.pnpm/next@15.1.0_react-dom@19.0.0_react@19.0.0__react@19.0.0/node_modules/next/dist/client/components/react-dev-overlay/app/hot-reloader-client.js:240
[   15489ms] [LOG] [Fast Refresh] done in 3ms @ webpack-internal:///(app-pages-browser)/./node_modules/.pnpm/next@15.1.0_react-dom@19.0.0_react@19.0.0__react@19.0.0/node_modules/next/dist/client/components/react-dev-overlay/app/hot-reloader-client.js:67
[   15551ms] [LOG] [Fast Refresh] done in 64ms @ webpack-internal:///(app-pages-browser)/./node_modules/.pnpm/next@15.1.0_react-dom@19.0.0_react@19.0.0__react@19.0.0/node_modules/next/dist/client/components/react-dev-overlay/app/hot-reloader-client.js:67
[   15588ms] [LOG] [Fast Refresh] rebuilding @ webpack-internal:///(app-pages-browser)/./node_modules/.pnpm/next@15.1.0_react-dom@19.0.0_react@19.0.0__react@19.0.0/node_modules/next/dist/client/components/react-dev-overlay/app/hot-reloader-client.js:240
[   15643ms] [LOG] [Fast Refresh] done in 55ms @ webpack-internal:///(app-pages-browser)/./node_modules/.pnpm/next@15.1.0_react-dom@19.0.0_react@19.0.0__react@19.0.0/node_modules/next/dist/client/components/react-dev-overlay/app/hot-reloader-client.js:67
[   15690ms] [LOG] [Fast Refresh] rebuilding @ webpack-internal:///(app-pages-browser)/./node_modules/.pnpm/next@15.1.0_react-dom@19.0.0_react@19.0.0__react@19.0.0/node_modules/next/dist/client/components/react-dev-overlay/app/hot-reloader-client.js:240
[   15740ms] [LOG] [Fast Refresh] rebuilding @ webpack-internal:///(app-pages-browser)/./node_modules/.pnpm/next@15.1.0_react-dom@19.0.0_react@19.0.0__react@19.0.0/node_modules/next/dist/client/components/react-dev-overlay/app/hot-reloader-client.js:240
[   15742ms] [LOG] [Fast Refresh] done in 3ms @ webpack-internal:///(app-pages-browser)/./node_modules/.pnpm/next@15.1.0_react-dom@19.0.0_react@19.0.0__react@19.0.0/node_modules/next/dist/client/components/react-dev-overlay/app/hot-reloader-client.js:67
[   15806ms] [LOG] [Fast Refresh] done in 66ms @ webpack-internal:///(app-pages-browser)/./node_modules/.pnpm/next@15.1.0_react-dom@19.0.0_react@19.0.0__react@19.0.0/node_modules/next/dist/client/components/react-dev-overlay/app/hot-reloader-client.js:67
[   15841ms] [LOG] [Fast Refresh] rebuilding @ webpack-internal:///(app-pages-browser)/./node_modules/.pnpm/next@15.1.0_react-dom@19.0.0_react@19.0.0__react@19.0.0/node_modules/next/dist/client/components/react-dev-overlay/app/hot-reloader-client.js:240
[   15901ms] [LOG] [Fast Refresh] done in 59ms @ webpack-internal:///(app-pages-browser)/./node_modules/.pnpm/next@15.1.0_react-dom@19.0.0_react@19.0.0__react@19.0.0/node_modules/next/dist/client/components/react-dev-overlay/app/hot-reloader-client.js:67
[   15943ms] [LOG] [Fast Refresh] rebuilding @ webpack-internal:///(app-pages-browser)/./node_modules/.pnpm/next@15.1.0_react-dom@19.0.0_react@19.0.0__react@19.0.0/node_modules/next/dist/client/components/react-dev-overlay/app/hot-reloader-client.js:240
[   16003ms] [LOG] [Fast Refresh] done in 60ms @ webpack-internal:///(app-pages-browser)/./node_modules/.pnpm/next@15.1.0_react-dom@19.0.0_react@19.0.0__react@19.0.0/node_modules/next/dist/client/components/react-dev-overlay/app/hot-reloader-client.js:67
[   16045ms] [LOG] [Fast Refresh] rebuilding @ webpack-internal:///(app-pages-browser)/./node_modules/.pnpm/next@15.1.0_react-dom@19.0.0_react@19.0.0__react@19.0.0/node_modules/next/dist/client/components/react-dev-overlay/app/hot-reloader-client.js:240
[   16100ms] [LOG] [Fast Refresh] done in 56ms @ webpack-internal:///(app-pages-browser)/./node_modules/.pnpm/next@15.1.0_react-dom@19.0.0_react@19.0.0__react@19.0.0/node_modules/next/dist/client/components/react-dev-overlay/app/hot-reloader-client.js:67
[   16146ms] [LOG] [Fast Refresh] rebuilding @ webpack-internal:///(app-pages-browser)/./node_modules/.pnpm/next@15.1.0_react-dom@19.0.0_react@19.0.0__react@19.0.0/node_modules/next/dist/client/components/react-dev-overlay/app/hot-reloader-client.js:240
[   16211ms] [LOG] [Fast Refresh] done in 64ms @ webpack-internal:///(app-pages-browser)/./node_modules/.pnpm/next@15.1.0_react-dom@19.0.0_react@19.0.0__react@19.0.0/node_modules/next/dist/client/components/react-dev-overlay/app/hot-reloader-client.js:67
[   16246ms] [LOG] [Fast Refresh] rebuilding @ webpack-internal:///(app-pages-browser)/./node_modules/.pnpm/next@15.1.0_react-dom@19.0.0_react@19.0.0__react@19.0.0/node_modules/next/dist/client/components/react-dev-overlay/app/hot-reloader-client.js:240
[   16304ms] [LOG] [Fast Refresh] done in 57ms @ webpack-internal:///(app-pages-browser)/./node_modules/.pnpm/next@15.1.0_react-dom@19.0.0_react@19.0.0__react@19.0.0/node_modules/next/dist/client/components/react-dev-overlay/app/hot-reloader-client.js:67
[   16348ms] [LOG] [Fast Refresh] rebuilding @ webpack-internal:///(app-pages-browser)/./node_modules/.pnpm/next@15.1.0_react-dom@19.0.0_react@19.0.0__react@19.0.0/node_modules/next/dist/client/components/react-dev-overlay/app/hot-reloader-client.js:240
[   16406ms] [LOG] [Fast Refresh] done in 59ms @ webpack-internal:///(app-pages-browser)/./node_modules/.pnpm/next@15.1.0_react-dom@19.0.0_react@19.0.0__react@19.0.0/node_modules/next/dist/client/components/react-dev-overlay/app/hot-reloader-client.js:67
[   16449ms] [LOG] [Fast Refresh] rebuilding @ webpack-internal:///(app-pages-browser)/./node_modules/.pnpm/next@15.1.0_react-dom@19.0.0_react@19.0.0__react@19.0.0/node_modules/next/dist/client/components/react-dev-overlay/app/hot-reloader-client.js:240
[   16506ms] [LOG] [Fast Refresh] done in 58ms @ webpack-internal:///(app-pages-browser)/./node_modules/.pnpm/next@15.1.0_react-dom@19.0.0_react@19.0.0__react@19.0.0/node_modules/next/dist/client/components/react-dev-overlay/app/hot-reloader-client.js:67
[   16551ms] [LOG] [Fast Refresh] rebuilding @ webpack-internal:///(app-pages-browser)/./node_modules/.pnpm/next@15.1.0_react-dom@19.0.0_react@19.0.0__react@19.0.0/node_modules/next/dist/client/components/react-dev-overlay/app/hot-reloader-client.js:240
[   16603ms] [LOG] [Fast Refresh] rebuilding @ webpack-internal:///(app-pages-browser)/./node_modules/.pnpm/next@15.1.0_react-dom@19.0.0_react@19.0.0__react@19.0.0/node_modules/next/dist/client/components/react-dev-overlay/app/hot-reloader-client.js:240
[   16606ms] [LOG] [Fast Refresh] done in 3ms @ webpack-internal:///(app-pages-browser)/./node_modules/.pnpm/next@15.1.0_react-dom@19.0.0_react@19.0.0__react@19.0.0/node_modules/next/dist/client/components/react-dev-overlay/app/hot-reloader-client.js:67
[   16667ms] [LOG] [Fast Refresh] done in 63ms @ webpack-internal:///(app-pages-browser)/./node_modules/.pnpm/next@15.1.0_react-dom@19.0.0_react@19.0.0__react@19.0.0/node_modules/next/dist/client/components/react-dev-overlay/app/hot-reloader-client.js:67
[   16703ms] [LOG] [Fast Refresh] rebuilding @ webpack-internal:///(app-pages-browser)/./node_modules/.pnpm/next@15.1.0_react-dom@19.0.0_react@19.0.0__react@19.0.0/node_modules/next/dist/client/components/react-dev-overlay/app/hot-reloader-client.js:240
[   16779ms] [LOG] [Fast Refresh] done in 76ms @ webpack-internal:///(app-pages-browser)/./node_modules/.pnpm/next@15.1.0_react-dom@19.0.0_react@19.0.0__react@19.0.0/node_modules/next/dist/client/components/react-dev-overlay/app/hot-reloader-client.js:67
[   16805ms] [LOG] [Fast Refresh] rebuilding @ webpack-internal:///(app-pages-browser)/./node_modules/.pnpm/next@15.1.0_react-dom@19.0.0_react@19.0.0__react@19.0.0/node_modules/next/dist/client/components/react-dev-overlay/app/hot-reloader-client.js:240
[   16866ms] [LOG] [Fast Refresh] done in 61ms @ webpack-internal:///(app-pages-browser)/./node_modules/.pnpm/next@15.1.0_react-dom@19.0.0_react@19.0.0__react@19.0.0/node_modules/next/dist/client/components/react-dev-overlay/app/hot-reloader-client.js:67
[   16906ms] [LOG] [Fast Refresh] rebuilding @ webpack-internal:///(app-pages-browser)/./node_modules/.pnpm/next@15.1.0_react-dom@19.0.0_react@19.0.0__react@19.0.0/node_modules/next/dist/client/components/react-dev-overlay/app/hot-reloader-client.js:240
[   16962ms] [LOG] [Fast Refresh] done in 56ms @ webpack-internal:///(app-pages-browser)/./node_modules/.pnpm/next@15.1.0_react-dom@19.0.0_react@19.0.0__react@19.0.0/node_modules/next/dist/client/components/react-dev-overlay/app/hot-reloader-client.js:67
[   17008ms] [LOG] [Fast Refresh] rebuilding @ webpack-internal:///(app-pages-browser)/./node_modules/.pnpm/next@15.1.0_react-dom@19.0.0_react@19.0.0__react@19.0.0/node_modules/next/dist/client/components/react-dev-overlay/app/hot-reloader-client.js:240
[   17060ms] [LOG] [Fast Refresh] rebuilding @ webpack-internal:///(app-pages-browser)/./node_modules/.pnpm/next@15.1.0_react-dom@19.0.0_react@19.0.0__react@19.0.0/node_modules/next/dist/client/components/react-dev-overlay/app/hot-reloader-client.js:240
[   17062ms] [LOG] [Fast Refresh] done in 2ms @ webpack-internal:///(app-pages-browser)/./node_modules/.pnpm/next@15.1.0_react-dom@19.0.0_react@19.0.0__react@19.0.0/node_modules/next/dist/client/components/react-dev-overlay/app/hot-reloader-client.js:67
[   17125ms] [LOG] [Fast Refresh] done in 64ms @ webpack-internal:///(app-pages-browser)/./node_modules/.pnpm/next@15.1.0_react-dom@19.0.0_react@19.0.0__react@19.0.0/node_modules/next/dist/client/components/react-dev-overlay/app/hot-reloader-client.js:67
[   17211ms] [LOG] [Fast Refresh] rebuilding @ webpack-internal:///(app-pages-browser)/./node_modules/.pnpm/next@15.1.0_react-dom@19.0.0_react@19.0.0__react@19.0.0/node_modules/next/dist/client/components/react-dev-overlay/app/hot-reloader-client.js:240
[   17268ms] [LOG] [Fast Refresh] done in 57ms @ webpack-internal:///(app-pages-browser)/./node_modules/.pnpm/next@15.1.0_react-dom@19.0.0_react@19.0.0__react@19.0.0/node_modules/next/dist/client/components/react-dev-overlay/app/hot-reloader-client.js:67
[   17313ms] [LOG] [Fast Refresh] rebuilding @ webpack-internal:///(app-pages-browser)/./node_modules/.pnpm/next@15.1.0_react-dom@19.0.0_react@19.0.0__react@19.0.0/node_modules/next/dist/client/components/react-dev-overlay/app/hot-reloader-client.js:240
[   17364ms] [LOG] [Fast Refresh] rebuilding @ webpack-internal:///(app-pages-browser)/./node_modules/.pnpm/next@15.1.0_react-dom@19.0.0_react@19.0.0__react@19.0.0/node_modules/next/dist/client/components/react-dev-overlay/app/hot-reloader-client.js:240
[   17367ms] [LOG] [Fast Refresh] done in 3ms @ webpack-internal:///(app-pages-browser)/./node_modules/.pnpm/next@15.1.0_react-dom@19.0.0_react@19.0.0__react@19.0.0/node_modules/next/dist/client/components/react-dev-overlay/app/hot-reloader-client.js:67
[   17425ms] [LOG] [Fast Refresh] done in 61ms @ webpack-internal:///(app-pages-browser)/./node_modules/.pnpm/next@15.1.0_react-dom@19.0.0_react@19.0.0__react@19.0.0/node_modules/next/dist/client/components/react-dev-overlay/app/hot-reloader-client.js:67
[   17465ms] [LOG] [Fast Refresh] rebuilding @ webpack-internal:///(app-pages-browser)/./node_modules/.pnpm/next@15.1.0_react-dom@19.0.0_react@19.0.0__react@19.0.0/node_modules/next/dist/client/components/react-dev-overlay/app/hot-reloader-client.js:240
[   17521ms] [LOG] [Fast Refresh] done in 55ms @ webpack-internal:///(app-pages-browser)/./node_modules/.pnpm/next@15.1.0_react-dom@19.0.0_react@19.0.0__react@19.0.0/node_modules/next/dist/client/components/react-dev-overlay/app/hot-reloader-client.js:67
[   17567ms] [LOG] [Fast Refresh] rebuilding @ webpack-internal:///(app-pages-browser)/./node_modules/.pnpm/next@15.1.0_react-dom@19.0.0_react@19.0.0__react@19.0.0/node_modules/next/dist/client/components/react-dev-overlay/app/hot-reloader-client.js:240
[   17623ms] [LOG] [Fast Refresh] done in 57ms @ webpack-internal:///(app-pages-browser)/./node_modules/.pnpm/next@15.1.0_react-dom@19.0.0_react@19.0.0__react@19.0.0/node_modules/next/dist/client/components/react-dev-overlay/app/hot-reloader-client.js:67
[   17668ms] [LOG] [Fast Refresh] rebuilding @ webpack-internal:///(app-pages-browser)/./node_modules/.pnpm/next@15.1.0_react-dom@19.0.0_react@19.0.0__react@19.0.0/node_modules/next/dist/client/components/react-dev-overlay/app/hot-reloader-client.js:240
[   17719ms] [LOG] [Fast Refresh] rebuilding @ webpack-internal:///(app-pages-browser)/./node_modules/.pnpm/next@15.1.0_react-dom@19.0.0_react@19.0.0__react@19.0.0/node_modules/next/dist/client/components/react-dev-overlay/app/hot-reloader-client.js:240
[   17721ms] [LOG] [Fast Refresh] done in 2ms @ webpack-internal:///(app-pages-browser)/./node_modules/.pnpm/next@15.1.0_react-dom@19.0.0_react@19.0.0__react@19.0.0/node_modules/next/dist/client/components/react-dev-overlay/app/hot-reloader-client.js:67
[   17776ms] [LOG] [Fast Refresh] done in 58ms @ webpack-internal:///(app-pages-browser)/./node_modules/.pnpm/next@15.1.0_react-dom@19.0.0_react@19.0.0__react@19.0.0/node_modules/next/dist/client/components/react-dev-overlay/app/hot-reloader-client.js:67
[   17819ms] [LOG] [Fast Refresh] rebuilding @ webpack-internal:///(app-pages-browser)/./node_modules/.pnpm/next@15.1.0_react-dom@19.0.0_react@19.0.0__react@19.0.0/node_modules/next/dist/client/components/react-dev-overlay/app/hot-reloader-client.js:240
[   17869ms] [LOG] [Fast Refresh] rebuilding @ webpack-internal:///(app-pages-browser)/./node_modules/.pnpm/next@15.1.0_react-dom@19.0.0_react@19.0.0__react@19.0.0/node_modules/next/dist/client/components/react-dev-overlay/app/hot-reloader-client.js:240
[   17871ms] [LOG] [Fast Refresh] done in 3ms @ webpack-internal:///(app-pages-browser)/./node_modules/.pnpm/next@15.1.0_react-dom@19.0.0_react@19.0.0__react@19.0.0/node_modules/next/dist/client/components/react-dev-overlay/app/hot-reloader-client.js:67
[   17927ms] [LOG] [Fast Refresh] done in 59ms @ webpack-internal:///(app-pages-browser)/./node_modules/.pnpm/next@15.1.0_react-dom@19.0.0_react@19.0.0__react@19.0.0/node_modules/next/dist/client/components/react-dev-overlay/app/hot-reloader-client.js:67
[   17971ms] [LOG] [Fast Refresh] rebuilding @ webpack-internal:///(app-pages-browser)/./node_modules/.pnpm/next@15.1.0_react-dom@19.0.0_react@19.0.0__react@19.0.0/node_modules/next/dist/client/components/react-dev-overlay/app/hot-reloader-client.js:240
[   18027ms] [LOG] [Fast Refresh] done in 56ms @ webpack-internal:///(app-pages-browser)/./node_modules/.pnpm/next@15.1.0_react-dom@19.0.0_react@19.0.0__react@19.0.0/node_modules/next/dist/client/components/react-dev-overlay/app/hot-reloader-client.js:67
[   18075ms] [LOG] [Fast Refresh] rebuilding @ webpack-internal:///(app-pages-browser)/./node_modules/.pnpm/next@15.1.0_react-dom@19.0.0_react@19.0.0__react@19.0.0/node_modules/next/dist/client/components/react-dev-overlay/app/hot-reloader-client.js:240
[   18131ms] [LOG] [Fast Refresh] done in 55ms @ webpack-internal:///(app-pages-browser)/./node_modules/.pnpm/next@15.1.0_react-dom@19.0.0_react@19.0.0__react@19.0.0/node_modules/next/dist/client/components/react-dev-overlay/app/hot-reloader-client.js:67
[   18172ms] [LOG] [Fast Refresh] rebuilding @ webpack-internal:///(app-pages-browser)/./node_modules/.pnpm/next@15.1.0_react-dom@19.0.0_react@19.0.0__react@19.0.0/node_modules/next/dist/client/components/react-dev-overlay/app/hot-reloader-client.js:240
[   18237ms] [LOG] [Fast Refresh] done in 64ms @ webpack-internal:///(app-pages-browser)/./node_modules/.pnpm/next@15.1.0_react-dom@19.0.0_react@19.0.0__react@19.0.0/node_modules/next/dist/client/components/react-dev-overlay/app/hot-reloader-client.js:67
[   18274ms] [LOG] [Fast Refresh] rebuilding @ webpack-internal:///(app-pages-browser)/./node_modules/.pnpm/next@15.1.0_react-dom@19.0.0_react@19.0.0__react@19.0.0/node_modules/next/dist/client/components/react-dev-overlay/app/hot-reloader-client.js:240
[   18331ms] [LOG] [Fast Refresh] done in 57ms @ webpack-internal:///(app-pages-browser)/./node_modules/.pnpm/next@15.1.0_react-dom@19.0.0_react@19.0.0__react@19.0.0/node_modules/next/dist/client/components/react-dev-overlay/app/hot-reloader-client.js:67
[   18377ms] [LOG] [Fast Refresh] rebuilding @ webpack-internal:///(app-pages-browser)/./node_modules/.pnpm/next@15.1.0_react-dom@19.0.0_react@19.0.0__react@19.0.0/node_modules/next/dist/client/components/react-dev-overlay/app/hot-reloader-client.js:240
[   18433ms] [LOG] [Fast Refresh] done in 57ms @ webpack-internal:///(app-pages-browser)/./node_modules/.pnpm/next@15.1.0_react-dom@19.0.0_react@19.0.0__react@19.0.0/node_modules/next/dist/client/components/react-dev-overlay/app/hot-reloader-client.js:67
[   18478ms] [LOG] [Fast Refresh] rebuilding @ webpack-internal:///(app-pages-browser)/./node_modules/.pnpm/next@15.1.0_react-dom@19.0.0_react@19.0.0__react@19.0.0/node_modules/next/dist/client/components/react-dev-overlay/app/hot-reloader-client.js:240
[   18530ms] [LOG] [Fast Refresh] rebuilding @ webpack-internal:///(app-pages-browser)/./node_modules/.pnpm/next@15.1.0_react-dom@19.0.0_react@19.0.0__react@19.0.0/node_modules/next/dist/client/components/react-dev-overlay/app/hot-reloader-client.js:240
[   18533ms] [LOG] [Fast Refresh] done in 2ms @ webpack-internal:///(app-pages-browser)/./node_modules/.pnpm/next@15.1.0_react-dom@19.0.0_react@19.0.0__react@19.0.0/node_modules/next/dist/client/components/react-dev-overlay/app/hot-reloader-client.js:67
[   18591ms] [LOG] [Fast Refresh] done in 61ms @ webpack-internal:///(app-pages-browser)/./node_modules/.pnpm/next@15.1.0_react-dom@19.0.0_react@19.0.0__react@19.0.0/node_modules/next/dist/client/components/react-dev-overlay/app/hot-reloader-client.js:67
[   18630ms] [LOG] [Fast Refresh] rebuilding @ webpack-internal:///(app-pages-browser)/./node_modules/.pnpm/next@15.1.0_react-dom@19.0.0_react@19.0.0__react@19.0.0/node_modules/next/dist/client/components/react-dev-overlay/app/hot-reloader-client.js:240
[   18685ms] [LOG] [Fast Refresh] done in 55ms @ webpack-internal:///(app-pages-browser)/./node_modules/.pnpm/next@15.1.0_react-dom@19.0.0_react@19.0.0__react@19.0.0/node_modules/next/dist/client/components/react-dev-overlay/app/hot-reloader-client.js:67
[   18732ms] [LOG] [Fast Refresh] rebuilding @ webpack-internal:///(app-pages-browser)/./node_modules/.pnpm/next@15.1.0_react-dom@19.0.0_react@19.0.0__react@19.0.0/node_modules/next/dist/client/components/react-dev-overlay/app/hot-reloader-client.js:240
[   18783ms] [LOG] [Fast Refresh] rebuilding @ webpack-internal:///(app-pages-browser)/./node_modules/.pnpm/next@15.1.0_react-dom@19.0.0_react@19.0.0__react@19.0.0/node_modules/next/dist/client/components/react-dev-overlay/app/hot-reloader-client.js:240
[   18785ms] [LOG] [Fast Refresh] done in 3ms @ webpack-internal:///(app-pages-browser)/./node_modules/.pnpm/next@15.1.0_react-dom@19.0.0_react@19.0.0__react@19.0.0/node_modules/next/dist/client/components/react-dev-overlay/app/hot-reloader-client.js:67
[   18845ms] [LOG] [Fast Refresh] done in 63ms @ webpack-internal:///(app-pages-browser)/./node_modules/.pnpm/next@15.1.0_react-dom@19.0.0_react@19.0.0__react@19.0.0/node_modules/next/dist/client/components/react-dev-overlay/app/hot-reloader-client.js:67
[   18883ms] [LOG] [Fast Refresh] rebuilding @ webpack-internal:///(app-pages-browser)/./node_modules/.pnpm/next@15.1.0_react-dom@19.0.0_react@19.0.0__react@19.0.0/node_modules/next/dist/client/components/react-dev-overlay/app/hot-reloader-client.js:240
[   19128ms] [LOG] [Fast Refresh] done in 244ms @ webpack-internal:///(app-pages-browser)/./node_modules/.pnpm/next@15.1.0_react-dom@19.0.0_react@19.0.0__react@19.0.0/node_modules/next/dist/client/components/react-dev-overlay/app/hot-reloader-client.js:67
[   19131ms] [LOG] [Fast Refresh] rebuilding @ webpack-internal:///(app-pages-browser)/./node_modules/.pnpm/next@15.1.0_react-dom@19.0.0_react@19.0.0__react@19.0.0/node_modules/next/dist/client/components/react-dev-overlay/app/hot-reloader-client.js:240
[   19201ms] [LOG] [Fast Refresh] done in 70ms @ webpack-internal:///(app-pages-browser)/./node_modules/.pnpm/next@15.1.0_react-dom@19.0.0_react@19.0.0__react@19.0.0/node_modules/next/dist/client/components/react-dev-overlay/app/hot-reloader-client.js:67
[   19240ms] [LOG] %c[Vercel Web Analytics]%c [view] http://localhost:3000/apps color: rgb(120, 120, 120) color: inherit {o: http://localhost:3000/apps, sv: 0.1.3, sdkn: @vercel/analytics/react, sdkv: 1.5.0, ts: 1787102749151} /_vercel/insights/view @ https://va.vercel-scripts.com/v1/script.debug.js:0
[   19240ms] [LOG] [Fast Refresh] rebuilding @ webpack-internal:///(app-pages-browser)/./node_modules/.pnpm/next@15.1.0_react-dom@19.0.0_react@19.0.0__react@19.0.0/node_modules/next/dist/client/components/react-dev-overlay/app/hot-reloader-client.js:240
[   19299ms] [LOG] [Fast Refresh] done in 59ms @ webpack-internal:///(app-pages-browser)/./node_modules/.pnpm/next@15.1.0_react-dom@19.0.0_react@19.0.0__react@19.0.0/node_modules/next/dist/client/components/react-dev-overlay/app/hot-reloader-client.js:67
[   19333ms] [LOG] [Fast Refresh] rebuilding @ webpack-internal:///(app-pages-browser)/./node_modules/.pnpm/next@15.1.0_react-dom@19.0.0_react@19.0.0__react@19.0.0/node_modules/next/dist/client/components/react-dev-overlay/app/hot-reloader-client.js:240
[   19393ms] [LOG] [Fast Refresh] done in 60ms @ webpack-internal:///(app-pages-browser)/./node_modules/.pnpm/next@15.1.0_react-dom@19.0.0_react@19.0.0__react@19.0.0/node_modules/next/dist/client/components/react-dev-overlay/app/hot-reloader-client.js:67
[   19435ms] [LOG] [Fast Refresh] rebuilding @ webpack-internal:///(app-pages-browser)/./node_modules/.pnpm/next@15.1.0_react-dom@19.0.0_react@19.0.0__react@19.0.0/node_modules/next/dist/client/components/react-dev-overlay/app/hot-reloader-client.js:240
[   19519ms] [LOG] [Fast Refresh] done in 84ms @ webpack-internal:///(app-pages-browser)/./node_modules/.pnpm/next@15.1.0_react-dom@19.0.0_react@19.0.0__react@19.0.0/node_modules/next/dist/client/components/react-dev-overlay/app/hot-reloader-client.js:67
[   19538ms] [LOG] [Fast Refresh] rebuilding @ webpack-internal:///(app-pages-browser)/./node_modules/.pnpm/next@15.1.0_react-dom@19.0.0_react@19.0.0__react@19.0.0/node_modules/next/dist/client/components/react-dev-overlay/app/hot-reloader-client.js:240
[   19605ms] [LOG] [Fast Refresh] done in 66ms @ webpack-internal:///(app-pages-browser)/./node_modules/.pnpm/next@15.1.0_react-dom@19.0.0_react@19.0.0__react@19.0.0/node_modules/next/dist/client/components/react-dev-overlay/app/hot-reloader-client.js:67
[   19637ms] [LOG] [Fast Refresh] rebuilding @ webpack-internal:///(app-pages-browser)/./node_modules/.pnpm/next@15.1.0_react-dom@19.0.0_react@19.0.0__react@19.0.0/node_modules/next/dist/client/components/react-dev-overlay/app/hot-reloader-client.js:240
[   19704ms] [LOG] [Fast Refresh] done in 68ms @ webpack-internal:///(app-pages-browser)/./node_modules/.pnpm/next@15.1.0_react-dom@19.0.0_react@19.0.0__react@19.0.0/node_modules/next/dist/client/components/react-dev-overlay/app/hot-reloader-client.js:67
[   19738ms] [LOG] [Fast Refresh] rebuilding @ webpack-internal:///(app-pages-browser)/./node_modules/.pnpm/next@15.1.0_react-dom@19.0.0_react@19.0.0__react@19.0.0/node_modules/next/dist/client/components/react-dev-overlay/app/hot-reloader-client.js:240
[   19799ms] [LOG] [Fast Refresh] done in 60ms @ webpack-internal:///(app-pages-browser)/./node_modules/.pnpm/next@15.1.0_react-dom@19.0.0_react@19.0.0__react@19.0.0/node_modules/next/dist/client/components/react-dev-overlay/app/hot-reloader-client.js:67
[   19840ms] [LOG] [Fast Refresh] rebuilding @ webpack-internal:///(app-pages-browser)/./node_modules/.pnpm/next@15.1.0_react-dom@19.0.0_react@19.0.0__react@19.0.0/node_modules/next/dist/client/components/react-dev-overlay/app/hot-reloader-client.js:240
[   19901ms] [LOG] [Fast Refresh] done in 61ms @ webpack-internal:///(app-pages-browser)/./node_modules/.pnpm/next@15.1.0_react-dom@19.0.0_react@19.0.0__react@19.0.0/node_modules/next/dist/client/components/react-dev-overlay/app/hot-reloader-client.js:67
[   19941ms] [LOG] [Fast Refresh] rebuilding @ webpack-internal:///(app-pages-browser)/./node_modules/.pnpm/next@15.1.0_react-dom@19.0.0_react@19.0.0__react@19.0.0/node_modules/next/dist/client/components/react-dev-overlay/app/hot-reloader-client.js:240
[   20000ms] [LOG] [Fast Refresh] done in 58ms @ webpack-internal:///(app-pages-browser)/./node_modules/.pnpm/next@15.1.0_react-dom@19.0.0_react@19.0.0__react@19.0.0/node_modules/next/dist/client/components/react-dev-overlay/app/hot-reloader-client.js:67
[   20217ms] [LOG] [Fast Refresh] rebuilding @ webpack-internal:///(app-pages-browser)/./node_modules/.pnpm/next@15.1.0_react-dom@19.0.0_react@19.0.0__react@19.0.0/node_modules/next/dist/client/components/react-dev-overlay/app/hot-reloader-client.js:240
[   20338ms] [LOG] [Fast Refresh] done in 121ms @ webpack-internal:///(app-pages-browser)/./node_modules/.pnpm/next@15.1.0_react-dom@19.0.0_react@19.0.0__react@19.0.0/node_modules/next/dist/client/components/react-dev-overlay/app/hot-reloader-client.js:67
[   20383ms] [LOG] [Fast Refresh] rebuilding @ webpack-internal:///(app-pages-browser)/./node_modules/.pnpm/next@15.1.0_react-dom@19.0.0_react@19.0.0__react@19.0.0/node_modules/next/dist/client/components/react-dev-overlay/app/hot-reloader-client.js:240
[   20445ms] [LOG] [Fast Refresh] done in 63ms @ webpack-internal:///(app-pages-browser)/./node_modules/.pnpm/next@15.1.0_react-dom@19.0.0_react@19.0.0__react@19.0.0/node_modules/next/dist/client/components/react-dev-overlay/app/hot-reloader-client.js:67
[   20485ms] [LOG] [Fast Refresh] rebuilding @ webpack-internal:///(app-pages-browser)/./node_modules/.pnpm/next@15.1.0_react-dom@19.0.0_react@19.0.0__react@19.0.0/node_modules/next/dist/client/components/react-dev-overlay/app/hot-reloader-client.js:240
[   20550ms] [LOG] [Fast Refresh] done in 66ms @ webpack-internal:///(app-pages-browser)/./node_modules/.pnpm/next@15.1.0_react-dom@19.0.0_react@19.0.0__react@19.0.0/node_modules/next/dist/client/components/react-dev-overlay/app/hot-reloader-client.js:67
[   20587ms] [LOG] [Fast Refresh] rebuilding @ webpack-internal:///(app-pages-browser)/./node_modules/.pnpm/next@15.1.0_react-dom@19.0.0_react@19.0.0__react@19.0.0/node_modules/next/dist/client/components/react-dev-overlay/app/hot-reloader-client.js:240
[   20711ms] [LOG] [Fast Refresh] done in 125ms @ webpack-internal:///(app-pages-browser)/./node_modules/.pnpm/next@15.1.0_react-dom@19.0.0_react@19.0.0__react@19.0.0/node_modules/next/dist/client/components/react-dev-overlay/app/hot-reloader-client.js:67
[   20756ms] [LOG] [Fast Refresh] rebuilding @ webpack-internal:///(app-pages-browser)/./node_modules/.pnpm/next@15.1.0_react-dom@19.0.0_react@19.0.0__react@19.0.0/node_modules/next/dist/client/components/react-dev-overlay/app/hot-reloader-client.js:240
[   20828ms] [LOG] [Fast Refresh] done in 72ms @ webpack-internal:///(app-pages-browser)/./node_modules/.pnpm/next@15.1.0_react-dom@19.0.0_react@19.0.0__react@19.0.0/node_modules/next/dist/client/components/react-dev-overlay/app/hot-reloader-client.js:67
[   20857ms] [LOG] [Fast Refresh] rebuilding @ webpack-internal:///(app-pages-browser)/./node_modules/.pnpm/next@15.1.0_react-dom@19.0.0_react@19.0.0__react@19.0.0/node_modules/next/dist/client/components/react-dev-overlay/app/hot-reloader-client.js:240
[   20925ms] [LOG] [Fast Refresh] done in 67ms @ webpack-internal:///(app-pages-browser)/./node_modules/.pnpm/next@15.1.0_react-dom@19.0.0_react@19.0.0__react@19.0.0/node_modules/next/dist/client/components/react-dev-overlay/app/hot-reloader-client.js:67
[   20960ms] [LOG] [Fast Refresh] rebuilding @ webpack-internal:///(app-pages-browser)/./node_modules/.pnpm/next@15.1.0_react-dom@19.0.0_react@19.0.0__react@19.0.0/node_modules/next/dist/client/components/react-dev-overlay/app/hot-reloader-client.js:240
[   21023ms] [LOG] [Fast Refresh] done in 63ms @ webpack-internal:///(app-pages-browser)/./node_modules/.pnpm/next@15.1.0_react-dom@19.0.0_react@19.0.0__react@19.0.0/node_modules/next/dist/client/components/react-dev-overlay/app/hot-reloader-client.js:67
[   21060ms] [LOG] [Fast Refresh] rebuilding @ webpack-internal:///(app-pages-browser)/./node_modules/.pnpm/next@15.1.0_react-dom@19.0.0_react@19.0.0__react@19.0.0/node_modules/next/dist/client/components/react-dev-overlay/app/hot-reloader-client.js:240
[   21123ms] [LOG] [Fast Refresh] done in 64ms @ webpack-internal:///(app-pages-browser)/./node_modules/.pnpm/next@15.1.0_react-dom@19.0.0_react@19.0.0__react@19.0.0/node_modules/next/dist/client/components/react-dev-overlay/app/hot-reloader-client.js:67
[   21162ms] [LOG] [Fast Refresh] rebuilding @ webpack-internal:///(app-pages-browser)/./node_modules/.pnpm/next@15.1.0_react-dom@19.0.0_react@19.0.0__react@19.0.0/node_modules/next/dist/client/components/react-dev-overlay/app/hot-reloader-client.js:240
[   21223ms] [LOG] [Fast Refresh] done in 61ms @ webpack-internal:///(app-pages-browser)/./node_modules/.pnpm/next@15.1.0_react-dom@19.0.0_react@19.0.0__react@19.0.0/node_modules/next/dist/client/components/react-dev-overlay/app/hot-reloader-client.js:67
[   21263ms] [LOG] [Fast Refresh] rebuilding @ webpack-internal:///(app-pages-browser)/./node_modules/.pnpm/next@15.1.0_react-dom@19.0.0_react@19.0.0__react@19.0.0/node_modules/next/dist/client/components/react-dev-overlay/app/hot-reloader-client.js:240
[   21321ms] [LOG] [Fast Refresh] done in 59ms @ webpack-internal:///(app-pages-browser)/./node_modules/.pnpm/next@15.1.0_react-dom@19.0.0_react@19.0.0__react@19.0.0/node_modules/next/dist/client/components/react-dev-overlay/app/hot-reloader-client.js:67
[   21365ms] [LOG] [Fast Refresh] rebuilding @ webpack-internal:///(app-pages-browser)/./node_modules/.pnpm/next@15.1.0_react-dom@19.0.0_react@19.0.0__react@19.0.0/node_modules/next/dist/client/components/react-dev-overlay/app/hot-reloader-client.js:240
[   21423ms] [LOG] [Fast Refresh] done in 59ms @ webpack-internal:///(app-pages-browser)/./node_modules/.pnpm/next@15.1.0_react-dom@19.0.0_react@19.0.0__react@19.0.0/node_modules/next/dist/client/components/react-dev-overlay/app/hot-reloader-client.js:67
[   21466ms] [LOG] [Fast Refresh] rebuilding @ webpack-internal:///(app-pages-browser)/./node_modules/.pnpm/next@15.1.0_react-dom@19.0.0_react@19.0.0__react@19.0.0/node_modules/next/dist/client/components/react-dev-overlay/app/hot-reloader-client.js:240
[   21575ms] [LOG] [Fast Refresh] done in 108ms @ webpack-internal:///(app-pages-browser)/./node_modules/.pnpm/next@15.1.0_react-dom@19.0.0_react@19.0.0__react@19.0.0/node_modules/next/dist/client/components/react-dev-overlay/app/hot-reloader-client.js:67
[   21617ms] [LOG] [Fast Refresh] rebuilding @ webpack-internal:///(app-pages-browser)/./node_modules/.pnpm/next@15.1.0_react-dom@19.0.0_react@19.0.0__react@19.0.0/node_modules/next/dist/client/components/react-dev-overlay/app/hot-reloader-client.js:240
[   21719ms] [LOG] [Fast Refresh] done in 101ms @ webpack-internal:///(app-pages-browser)/./node_modules/.pnpm/next@15.1.0_react-dom@19.0.0_react@19.0.0__react@19.0.0/node_modules/next/dist/client/components/react-dev-overlay/app/hot-reloader-client.js:67
[   21769ms] [LOG] [Fast Refresh] rebuilding @ webpack-internal:///(app-pages-browser)/./node_modules/.pnpm/next@15.1.0_react-dom@19.0.0_react@19.0.0__react@19.0.0/node_modules/next/dist/client/components/react-dev-overlay/app/hot-reloader-client.js:240
[   21854ms] [LOG] [Fast Refresh] done in 85ms @ webpack-internal:///(app-pages-browser)/./node_modules/.pnpm/next@15.1.0_react-dom@19.0.0_react@19.0.0__react@19.0.0/node_modules/next/dist/client/components/react-dev-overlay/app/hot-reloader-client.js:67
[   21870ms] [LOG] [Fast Refresh] rebuilding @ webpack-internal:///(app-pages-browser)/./node_modules/.pnpm/next@15.1.0_react-dom@19.0.0_react@19.0.0__react@19.0.0/node_modules/next/dist/client/components/react-dev-overlay/app/hot-reloader-client.js:240
[   21948ms] [LOG] [Fast Refresh] done in 79ms @ webpack-internal:///(app-pages-browser)/./node_modules/.pnpm/next@15.1.0_react-dom@19.0.0_react@19.0.0__react@19.0.0/node_modules/next/dist/client/components/react-dev-overlay/app/hot-reloader-client.js:67
[   21973ms] [LOG] [Fast Refresh] rebuilding @ webpack-internal:///(app-pages-browser)/./node_modules/.pnpm/next@15.1.0_react-dom@19.0.0_react@19.0.0__react@19.0.0/node_modules/next/dist/client/components/react-dev-overlay/app/hot-reloader-client.js:240
[   22053ms] [LOG] [Fast Refresh] done in 80ms @ webpack-internal:///(app-pages-browser)/./node_modules/.pnpm/next@15.1.0_react-dom@19.0.0_react@19.0.0__react@19.0.0/node_modules/next/dist/client/components/react-dev-overlay/app/hot-reloader-client.js:67
[   22073ms] [LOG] [Fast Refresh] rebuilding @ webpack-internal:///(app-pages-browser)/./node_modules/.pnpm/next@15.1.0_react-dom@19.0.0_react@19.0.0__react@19.0.0/node_modules/next/dist/client/components/react-dev-overlay/app/hot-reloader-client.js:240
[   22155ms] [LOG] [Fast Refresh] done in 82ms @ webpack-internal:///(app-pages-browser)/./node_modules/.pnpm/next@15.1.0_react-dom@19.0.0_react@19.0.0__react@19.0.0/node_modules/next/dist/client/components/react-dev-overlay/app/hot-reloader-client.js:67
[   22174ms] [LOG] [Fast Refresh] rebuilding @ webpack-internal:///(app-pages-browser)/./node_modules/.pnpm/next@15.1.0_react-dom@19.0.0_react@19.0.0__react@19.0.0/node_modules/next/dist/client/components/react-dev-overlay/app/hot-reloader-client.js:240
[   22316ms] [LOG] [Fast Refresh] done in 143ms @ webpack-internal:///(app-pages-browser)/./node_modules/.pnpm/next@15.1.0_react-dom@19.0.0_react@19.0.0__react@19.0.0/node_modules/next/dist/client/components/react-dev-overlay/app/hot-reloader-client.js:67
[   22326ms] [LOG] [Fast Refresh] rebuilding @ webpack-internal:///(app-pages-browser)/./node_modules/.pnpm/next@15.1.0_react-dom@19.0.0_react@19.0.0__react@19.0.0/node_modules/next/dist/client/components/react-dev-overlay/app/hot-reloader-client.js:240
[   22409ms] [LOG] [Fast Refresh] done in 82ms @ webpack-internal:///(app-pages-browser)/./node_modules/.pnpm/next@15.1.0_react-dom@19.0.0_react@19.0.0__react@19.0.0/node_modules/next/dist/client/components/react-dev-overlay/app/hot-reloader-client.js:67
[   22428ms] [LOG] [Fast Refresh] rebuilding @ webpack-internal:///(app-pages-browser)/./node_modules/.pnpm/next@15.1.0_react-dom@19.0.0_react@19.0.0__react@19.0.0/node_modules/next/dist/client/components/react-dev-overlay/app/hot-reloader-client.js:240
[   22500ms] [LOG] [Fast Refresh] done in 72ms @ webpack-internal:///(app-pages-browser)/./node_modules/.pnpm/next@15.1.0_react-dom@19.0.0_react@19.0.0__react@19.0.0/node_modules/next/dist/client/components/react-dev-overlay/app/hot-reloader-client.js:67
[   22530ms] [LOG] [Fast Refresh] rebuilding @ webpack-internal:///(app-pages-browser)/./node_modules/.pnpm/next@15.1.0_react-dom@19.0.0_react@19.0.0__react@19.0.0/node_modules/next/dist/client/components/react-dev-overlay/app/hot-reloader-client.js:240
[   22614ms] [LOG] [Fast Refresh] done in 83ms @ webpack-internal:///(app-pages-browser)/./node_modules/.pnpm/next@15.1.0_react-dom@19.0.0_react@19.0.0__react@19.0.0/node_modules/next/dist/client/components/react-dev-overlay/app/hot-reloader-client.js:67
[   22637ms] [LOG] [Fast Refresh] rebuilding @ webpack-internal:///(app-pages-browser)/./node_modules/.pnpm/next@15.1.0_react-dom@19.0.0_react@19.0.0__react@19.0.0/node_modules/next/dist/client/components/react-dev-overlay/app/hot-reloader-client.js:240
[   22718ms] [LOG] [Fast Refresh] done in 80ms @ webpack-internal:///(app-pages-browser)/./node_modules/.pnpm/next@15.1.0_react-dom@19.0.0_react@19.0.0__react@19.0.0/node_modules/next/dist/client/components/react-dev-overlay/app/hot-reloader-client.js:67
[   22734ms] [LOG] [Fast Refresh] rebuilding @ webpack-internal:///(app-pages-browser)/./node_modules/.pnpm/next@15.1.0_react-dom@19.0.0_react@19.0.0__react@19.0.0/node_modules/next/dist/client/components/react-dev-overlay/app/hot-reloader-client.js:240
[   22799ms] [LOG] [Fast Refresh] done in 66ms @ webpack-internal:///(app-pages-browser)/./node_modules/.pnpm/next@15.1.0_react-dom@19.0.0_react@19.0.0__react@19.0.0/node_modules/next/dist/client/components/react-dev-overlay/app/hot-reloader-client.js:67
[   22830ms] [LOG] [Fast Refresh] rebuilding @ webpack-internal:///(app-pages-browser)/./node_modules/.pnpm/next@15.1.0_react-dom@19.0.0_react@19.0.0__react@19.0.0/node_modules/next/dist/client/components/react-dev-overlay/app/hot-reloader-client.js:240
[   22892ms] [LOG] [Fast Refresh] done in 61ms @ webpack-internal:///(app-pages-browser)/./node_modules/.pnpm/next@15.1.0_react-dom@19.0.0_react@19.0.0__react@19.0.0/node_modules/next/dist/client/components/react-dev-overlay/app/hot-reloader-client.js:67
[   22933ms] [LOG] [Fast Refresh] rebuilding @ webpack-internal:///(app-pages-browser)/./node_modules/.pnpm/next@15.1.0_react-dom@19.0.0_react@19.0.0__react@19.0.0/node_modules/next/dist/client/components/react-dev-overlay/app/hot-reloader-client.js:240
[   22991ms] [LOG] [Fast Refresh] done in 59ms @ webpack-internal:///(app-pages-browser)/./node_modules/.pnpm/next@15.1.0_react-dom@19.0.0_react@19.0.0__react@19.0.0/node_modules/next/dist/client/components/react-dev-overlay/app/hot-reloader-client.js:67
[   23036ms] [LOG] [Fast Refresh] rebuilding @ webpack-internal:///(app-pages-browser)/./node_modules/.pnpm/next@15.1.0_react-dom@19.0.0_react@19.0.0__react@19.0.0/node_modules/next/dist/client/components/react-dev-overlay/app/hot-reloader-client.js:240
[   23109ms] [LOG] [Fast Refresh] done in 74ms @ webpack-internal:///(app-pages-browser)/./node_modules/.pnpm/next@15.1.0_react-dom@19.0.0_react@19.0.0__react@19.0.0/node_modules/next/dist/client/components/react-dev-overlay/app/hot-reloader-client.js:67
[   23135ms] [LOG] [Fast Refresh] rebuilding @ webpack-internal:///(app-pages-browser)/./node_modules/.pnpm/next@15.1.0_react-dom@19.0.0_react@19.0.0__react@19.0.0/node_modules/next/dist/client/components/react-dev-overlay/app/hot-reloader-client.js:240
[   23197ms] [LOG] [Fast Refresh] done in 62ms @ webpack-internal:///(app-pages-browser)/./node_modules/.pnpm/next@15.1.0_react-dom@19.0.0_react@19.0.0__react@19.0.0/node_modules/next/dist/client/components/react-dev-overlay/app/hot-reloader-client.js:67
[   23238ms] [LOG] [Fast Refresh] rebuilding @ webpack-internal:///(app-pages-browser)/./node_modules/.pnpm/next@15.1.0_react-dom@19.0.0_react@19.0.0__react@19.0.0/node_modules/next/dist/client/components/react-dev-overlay/app/hot-reloader-client.js:240
[   23301ms] [LOG] [Fast Refresh] done in 63ms @ webpack-internal:///(app-pages-browser)/./node_modules/.pnpm/next@15.1.0_react-dom@19.0.0_react@19.0.0__react@19.0.0/node_modules/next/dist/client/components/react-dev-overlay/app/hot-reloader-client.js:67
[   23340ms] [LOG] [Fast Refresh] rebuilding @ webpack-internal:///(app-pages-browser)/./node_modules/.pnpm/next@15.1.0_react-dom@19.0.0_react@19.0.0__react@19.0.0/node_modules/next/dist/client/components/react-dev-overlay/app/hot-reloader-client.js:240
[   23403ms] [LOG] [Fast Refresh] done in 63ms @ webpack-internal:///(app-pages-browser)/./node_modules/.pnpm/next@15.1.0_react-dom@19.0.0_react@19.0.0__react@19.0.0/node_modules/next/dist/client/components/react-dev-overlay/app/hot-reloader-client.js:67
[   23441ms] [LOG] [Fast Refresh] rebuilding @ webpack-internal:///(app-pages-browser)/./node_modules/.pnpm/next@15.1.0_react-dom@19.0.0_react@19.0.0__react@19.0.0/node_modules/next/dist/client/components/react-dev-overlay/app/hot-reloader-client.js:240
[   23514ms] [LOG] [Fast Refresh] done in 73ms @ webpack-internal:///(app-pages-browser)/./node_modules/.pnpm/next@15.1.0_react-dom@19.0.0_react@19.0.0__react@19.0.0/node_modules/next/dist/client/components/react-dev-overlay/app/hot-reloader-client.js:67
[   23543ms] [LOG] [Fast Refresh] rebuilding @ webpack-internal:///(app-pages-browser)/./node_modules/.pnpm/next@15.1.0_react-dom@19.0.0_react@19.0.0__react@19.0.0/node_modules/next/dist/client/components/react-dev-overlay/app/hot-reloader-client.js:240
[   23603ms] [LOG] [Fast Refresh] done in 60ms @ webpack-internal:///(app-pages-browser)/./node_modules/.pnpm/next@15.1.0_react-dom@19.0.0_react@19.0.0__react@19.0.0/node_modules/next/dist/client/components/react-dev-overlay/app/hot-reloader-client.js:67
[   23644ms] [LOG] [Fast Refresh] rebuilding @ webpack-internal:///(app-pages-browser)/./node_modules/.pnpm/next@15.1.0_react-dom@19.0.0_react@19.0.0__react@19.0.0/node_modules/next/dist/client/components/react-dev-overlay/app/hot-reloader-client.js:240
[   23700ms] [LOG] [Fast Refresh] done in 55ms @ webpack-internal:///(app-pages-browser)/./node_modules/.pnpm/next@15.1.0_react-dom@19.0.0_react@19.0.0__react@19.0.0/node_modules/next/dist/client/components/react-dev-overlay/app/hot-reloader-client.js:67
[   23750ms] [LOG] [Fast Refresh] rebuilding @ webpack-internal:///(app-pages-browser)/./node_modules/.pnpm/next@15.1.0_react-dom@19.0.0_react@19.0.0__react@19.0.0/node_modules/next/dist/client/components/react-dev-overlay/app/hot-reloader-client.js:240
[   23885ms] [LOG] [Fast Refresh] done in 134ms @ webpack-internal:///(app-pages-browser)/./node_modules/.pnpm/next@15.1.0_react-dom@19.0.0_react@19.0.0__react@19.0.0/node_modules/next/dist/client/components/react-dev-overlay/app/hot-reloader-client.js:67
[   23902ms] [LOG] [Fast Refresh] rebuilding @ webpack-internal:///(app-pages-browser)/./node_modules/.pnpm/next@15.1.0_react-dom@19.0.0_react@19.0.0__react@19.0.0/node_modules/next/dist/client/components/react-dev-overlay/app/hot-reloader-client.js:240
[   23994ms] [LOG] [Fast Refresh] done in 93ms @ webpack-internal:///(app-pages-browser)/./node_modules/.pnpm/next@15.1.0_react-dom@19.0.0_react@19.0.0__react@19.0.0/node_modules/next/dist/client/components/react-dev-overlay/app/hot-reloader-client.js:67
[   24002ms] [LOG] [Fast Refresh] rebuilding @ webpack-internal:///(app-pages-browser)/./node_modules/.pnpm/next@15.1.0_react-dom@19.0.0_react@19.0.0__react@19.0.0/node_modules/next/dist/client/components/react-dev-overlay/app/hot-reloader-client.js:240
[   24153ms] [LOG] [Fast Refresh] done in 151ms @ webpack-internal:///(app-pages-browser)/./node_modules/.pnpm/next@15.1.0_react-dom@19.0.0_react@19.0.0__react@19.0.0/node_modules/next/dist/client/components/react-dev-overlay/app/hot-reloader-client.js:67
[   24205ms] [LOG] [Fast Refresh] rebuilding @ webpack-internal:///(app-pages-browser)/./node_modules/.pnpm/next@15.1.0_react-dom@19.0.0_react@19.0.0__react@19.0.0/node_modules/next/dist/client/components/react-dev-overlay/app/hot-reloader-client.js:240
[   24294ms] [LOG] [Fast Refresh] done in 90ms @ webpack-internal:///(app-pages-browser)/./node_modules/.pnpm/next@15.1.0_react-dom@19.0.0_react@19.0.0__react@19.0.0/node_modules/next/dist/client/components/react-dev-overlay/app/hot-reloader-client.js:67
[   24306ms] [LOG] [Fast Refresh] rebuilding @ webpack-internal:///(app-pages-browser)/./node_modules/.pnpm/next@15.1.0_react-dom@19.0.0_react@19.0.0__react@19.0.0/node_modules/next/dist/client/components/react-dev-overlay/app/hot-reloader-client.js:240
[   24374ms] [LOG] [Fast Refresh] done in 68ms @ webpack-internal:///(app-pages-browser)/./node_modules/.pnpm/next@15.1.0_react-dom@19.0.0_react@19.0.0__react@19.0.0/node_modules/next/dist/client/components/react-dev-overlay/app/hot-reloader-client.js:67
[   24408ms] [LOG] [Fast Refresh] rebuilding @ webpack-internal:///(app-pages-browser)/./node_modules/.pnpm/next@15.1.0_react-dom@19.0.0_react@19.0.0__react@19.0.0/node_modules/next/dist/client/components/react-dev-overlay/app/hot-reloader-client.js:240
[   24478ms] [LOG] [Fast Refresh] done in 71ms @ webpack-internal:///(app-pages-browser)/./node_modules/.pnpm/next@15.1.0_react-dom@19.0.0_react@19.0.0__react@19.0.0/node_modules/next/dist/client/components/react-dev-overlay/app/hot-reloader-client.js:67
[   24510ms] [LOG] [Fast Refresh] rebuilding @ webpack-internal:///(app-pages-browser)/./node_modules/.pnpm/next@15.1.0_react-dom@19.0.0_react@19.0.0__react@19.0.0/node_modules/next/dist/client/components/react-dev-overlay/app/hot-reloader-client.js:240
[   24620ms] [LOG] [Fast Refresh] done in 111ms @ webpack-internal:///(app-pages-browser)/./node_modules/.pnpm/next@15.1.0_react-dom@19.0.0_react@19.0.0__react@19.0.0/node_modules/next/dist/client/components/react-dev-overlay/app/hot-reloader-client.js:67
[   24667ms] [LOG] [Fast Refresh] rebuilding @ webpack-internal:///(app-pages-browser)/./node_modules/.pnpm/next@15.1.0_react-dom@19.0.0_react@19.0.0__react@19.0.0/node_modules/next/dist/client/components/react-dev-overlay/app/hot-reloader-client.js:240
[   24719ms] [LOG] [Fast Refresh] rebuilding @ webpack-internal:///(app-pages-browser)/./node_modules/.pnpm/next@15.1.0_react-dom@19.0.0_react@19.0.0__react@19.0.0/node_modules/next/dist/client/components/react-dev-overlay/app/hot-reloader-client.js:240
[   24722ms] [LOG] [Fast Refresh] done in 3ms @ webpack-internal:///(app-pages-browser)/./node_modules/.pnpm/next@15.1.0_react-dom@19.0.0_react@19.0.0__react@19.0.0/node_modules/next/dist/client/components/react-dev-overlay/app/hot-reloader-client.js:67
[   24794ms] [LOG] [Fast Refresh] done in 74ms @ webpack-internal:///(app-pages-browser)/./node_modules/.pnpm/next@15.1.0_react-dom@19.0.0_react@19.0.0__react@19.0.0/node_modules/next/dist/client/components/react-dev-overlay/app/hot-reloader-client.js:67
[   24869ms] [LOG] [Fast Refresh] rebuilding @ webpack-internal:///(app-pages-browser)/./node_modules/.pnpm/next@15.1.0_react-dom@19.0.0_react@19.0.0__react@19.0.0/node_modules/next/dist/client/components/react-dev-overlay/app/hot-reloader-client.js:240
[   24928ms] [LOG] [Fast Refresh] done in 58ms @ webpack-internal:///(app-pages-browser)/./node_modules/.pnpm/next@15.1.0_react-dom@19.0.0_react@19.0.0__react@19.0.0/node_modules/next/dist/client/components/react-dev-overlay/app/hot-reloader-client.js:67
[   24971ms] [LOG] [Fast Refresh] rebuilding @ webpack-internal:///(app-pages-browser)/./node_modules/.pnpm/next@15.1.0_react-dom@19.0.0_react@19.0.0__react@19.0.0/node_modules/next/dist/client/components/react-dev-overlay/app/hot-reloader-client.js:240
[   25029ms] [LOG] [Fast Refresh] done in 59ms @ webpack-internal:///(app-pages-browser)/./node_modules/.pnpm/next@15.1.0_react-dom@19.0.0_react@19.0.0__react@19.0.0/node_modules/next/dist/client/components/react-dev-overlay/app/hot-reloader-client.js:67
[   25073ms] [LOG] [Fast Refresh] rebuilding @ webpack-internal:///(app-pages-browser)/./node_modules/.pnpm/next@15.1.0_react-dom@19.0.0_react@19.0.0__react@19.0.0/node_modules/next/dist/client/components/react-dev-overlay/app/hot-reloader-client.js:240
[   25150ms] [LOG] [Fast Refresh] done in 77ms @ webpack-internal:///(app-pages-browser)/./node_modules/.pnpm/next@15.1.0_react-dom@19.0.0_react@19.0.0__react@19.0.0/node_modules/next/dist/client/components/react-dev-overlay/app/hot-reloader-client.js:67
[   25175ms] [LOG] [Fast Refresh] rebuilding @ webpack-internal:///(app-pages-browser)/./node_modules/.pnpm/next@15.1.0_react-dom@19.0.0_react@19.0.0__react@19.0.0/node_modules/next/dist/client/components/react-dev-overlay/app/hot-reloader-client.js:240
[   25250ms] [LOG] [Fast Refresh] done in 75ms @ webpack-internal:///(app-pages-browser)/./node_modules/.pnpm/next@15.1.0_react-dom@19.0.0_react@19.0.0__react@19.0.0/node_modules/next/dist/client/components/react-dev-overlay/app/hot-reloader-client.js:67
[   25276ms] [LOG] [Fast Refresh] rebuilding @ webpack-internal:///(app-pages-browser)/./node_modules/.pnpm/next@15.1.0_react-dom@19.0.0_react@19.0.0__react@19.0.0/node_modules/next/dist/client/components/react-dev-overlay/app/hot-reloader-client.js:240
[   25349ms] [LOG] [Fast Refresh] done in 73ms @ webpack-internal:///(app-pages-browser)/./node_modules/.pnpm/next@15.1.0_react-dom@19.0.0_react@19.0.0__react@19.0.0/node_modules/next/dist/client/components/react-dev-overlay/app/hot-reloader-client.js:67
[   25378ms] [LOG] [Fast Refresh] rebuilding @ webpack-internal:///(app-pages-browser)/./node_modules/.pnpm/next@15.1.0_react-dom@19.0.0_react@19.0.0__react@19.0.0/node_modules/next/dist/client/components/react-dev-overlay/app/hot-reloader-client.js:240
[   25452ms] [LOG] [Fast Refresh] done in 75ms @ webpack-internal:///(app-pages-browser)/./node_modules/.pnpm/next@15.1.0_react-dom@19.0.0_react@19.0.0__react@19.0.0/node_modules/next/dist/client/components/react-dev-overlay/app/hot-reloader-client.js:67
[   25480ms] [LOG] [Fast Refresh] rebuilding @ webpack-internal:///(app-pages-browser)/./node_modules/.pnpm/next@15.1.0_react-dom@19.0.0_react@19.0.0__react@19.0.0/node_modules/next/dist/client/components/react-dev-overlay/app/hot-reloader-client.js:240
[   25550ms] [LOG] [Fast Refresh] done in 70ms @ webpack-internal:///(app-pages-browser)/./node_modules/.pnpm/next@15.1.0_react-dom@19.0.0_react@19.0.0__react@19.0.0/node_modules/next/dist/client/components/react-dev-overlay/app/hot-reloader-client.js:67
[   25582ms] [LOG] [Fast Refresh] rebuilding @ webpack-internal:///(app-pages-browser)/./node_modules/.pnpm/next@15.1.0_react-dom@19.0.0_react@19.0.0__react@19.0.0/node_modules/next/dist/client/components/react-dev-overlay/app/hot-reloader-client.js:240
[   25639ms] [LOG] [Fast Refresh] done in 57ms @ webpack-internal:///(app-pages-browser)/./node_modules/.pnpm/next@15.1.0_react-dom@19.0.0_react@19.0.0__react@19.0.0/node_modules/next/dist/client/components/react-dev-overlay/app/hot-reloader-client.js:67
[   25683ms] [LOG] [Fast Refresh] rebuilding @ webpack-internal:///(app-pages-browser)/./node_modules/.pnpm/next@15.1.0_react-dom@19.0.0_react@19.0.0__react@19.0.0/node_modules/next/dist/client/components/react-dev-overlay/app/hot-reloader-client.js:240
[   25734ms] [LOG] [Fast Refresh] rebuilding @ webpack-internal:///(app-pages-browser)/./node_modules/.pnpm/next@15.1.0_react-dom@19.0.0_react@19.0.0__react@19.0.0/node_modules/next/dist/client/components/react-dev-overlay/app/hot-reloader-client.js:240
[   25736ms] [LOG] [Fast Refresh] done in 3ms @ webpack-internal:///(app-pages-browser)/./node_modules/.pnpm/next@15.1.0_react-dom@19.0.0_react@19.0.0__react@19.0.0/node_modules/next/dist/client/components/react-dev-overlay/app/hot-reloader-client.js:67
[   25820ms] [LOG] [Fast Refresh] done in 86ms @ webpack-internal:///(app-pages-browser)/./node_modules/.pnpm/next@15.1.0_react-dom@19.0.0_react@19.0.0__react@19.0.0/node_modules/next/dist/client/components/react-dev-overlay/app/hot-reloader-client.js:67
[   25836ms] [LOG] [Fast Refresh] rebuilding @ webpack-internal:///(app-pages-browser)/./node_modules/.pnpm/next@15.1.0_react-dom@19.0.0_react@19.0.0__react@19.0.0/node_modules/next/dist/client/components/react-dev-overlay/app/hot-reloader-client.js:240
[   25899ms] [LOG] [Fast Refresh] done in 63ms @ webpack-internal:///(app-pages-browser)/./node_modules/.pnpm/next@15.1.0_react-dom@19.0.0_react@19.0.0__react@19.0.0/node_modules/next/dist/client/components/react-dev-overlay/app/hot-reloader-client.js:67
[   25937ms] [LOG] [Fast Refresh] rebuilding @ webpack-internal:///(app-pages-browser)/./node_modules/.pnpm/next@15.1.0_react-dom@19.0.0_react@19.0.0__react@19.0.0/node_modules/next/dist/client/components/react-dev-overlay/app/hot-reloader-client.js:240
[   26002ms] [LOG] [Fast Refresh] done in 66ms @ webpack-internal:///(app-pages-browser)/./node_modules/.pnpm/next@15.1.0_react-dom@19.0.0_react@19.0.0__react@19.0.0/node_modules/next/dist/client/components/react-dev-overlay/app/hot-reloader-client.js:67
[   26038ms] [LOG] [Fast Refresh] rebuilding @ webpack-internal:///(app-pages-browser)/./node_modules/.pnpm/next@15.1.0_react-dom@19.0.0_react@19.0.0__react@19.0.0/node_modules/next/dist/client/components/react-dev-overlay/app/hot-reloader-client.js:240
[   26100ms] [LOG] [Fast Refresh] done in 62ms @ webpack-internal:///(app-pages-browser)/./node_modules/.pnpm/next@15.1.0_react-dom@19.0.0_react@19.0.0__react@19.0.0/node_modules/next/dist/client/components/react-dev-overlay/app/hot-reloader-client.js:67
[   26141ms] [LOG] [Fast Refresh] rebuilding @ webpack-internal:///(app-pages-browser)/./node_modules/.pnpm/next@15.1.0_react-dom@19.0.0_react@19.0.0__react@19.0.0/node_modules/next/dist/client/components/react-dev-overlay/app/hot-reloader-client.js:240
[   26216ms] [LOG] [Fast Refresh] done in 76ms @ webpack-internal:///(app-pages-browser)/./node_modules/.pnpm/next@15.1.0_react-dom@19.0.0_react@19.0.0__react@19.0.0/node_modules/next/dist/client/components/react-dev-overlay/app/hot-reloader-client.js:67
[   26242ms] [LOG] [Fast Refresh] rebuilding @ webpack-internal:///(app-pages-browser)/./node_modules/.pnpm/next@15.1.0_react-dom@19.0.0_react@19.0.0__react@19.0.0/node_modules/next/dist/client/components/react-dev-overlay/app/hot-reloader-client.js:240
[   26304ms] [LOG] [Fast Refresh] done in 62ms @ webpack-internal:///(app-pages-browser)/./node_modules/.pnpm/next@15.1.0_react-dom@19.0.0_react@19.0.0__react@19.0.0/node_modules/next/dist/client/components/react-dev-overlay/app/hot-reloader-client.js:67
[   26344ms] [LOG] [Fast Refresh] rebuilding @ webpack-internal:///(app-pages-browser)/./node_modules/.pnpm/next@15.1.0_react-dom@19.0.0_react@19.0.0__react@19.0.0/node_modules/next/dist/client/components/react-dev-overlay/app/hot-reloader-client.js:240
[   26406ms] [LOG] [Fast Refresh] done in 61ms @ webpack-internal:///(app-pages-browser)/./node_modules/.pnpm/next@15.1.0_react-dom@19.0.0_react@19.0.0__react@19.0.0/node_modules/next/dist/client/components/react-dev-overlay/app/hot-reloader-client.js:67
[   26451ms] [LOG] [Fast Refresh] rebuilding @ webpack-internal:///(app-pages-browser)/./node_modules/.pnpm/next@15.1.0_react-dom@19.0.0_react@19.0.0__react@19.0.0/node_modules/next/dist/client/components/react-dev-overlay/app/hot-reloader-client.js:240
[   26566ms] [LOG] [Fast Refresh] done in 116ms @ webpack-internal:///(app-pages-browser)/./node_modules/.pnpm/next@15.1.0_react-dom@19.0.0_react@19.0.0__react@19.0.0/node_modules/next/dist/client/components/react-dev-overlay/app/hot-reloader-client.js:67
[   26605ms] [LOG] [Fast Refresh] rebuilding @ webpack-internal:///(app-pages-browser)/./node_modules/.pnpm/next@15.1.0_react-dom@19.0.0_react@19.0.0__react@19.0.0/node_modules/next/dist/client/components/react-dev-overlay/app/hot-reloader-client.js:240
[   26768ms] [LOG] [Fast Refresh] done in 162ms @ webpack-internal:///(app-pages-browser)/./node_modules/.pnpm/next@15.1.0_react-dom@19.0.0_react@19.0.0__react@19.0.0/node_modules/next/dist/client/components/react-dev-overlay/app/hot-reloader-client.js:67
[   26808ms] [LOG] [Fast Refresh] rebuilding @ webpack-internal:///(app-pages-browser)/./node_modules/.pnpm/next@15.1.0_react-dom@19.0.0_react@19.0.0__react@19.0.0/node_modules/next/dist/client/components/react-dev-overlay/app/hot-reloader-client.js:240
[   26999ms] [LOG] [Fast Refresh] done in 190ms @ webpack-internal:///(app-pages-browser)/./node_modules/.pnpm/next@15.1.0_react-dom@19.0.0_react@19.0.0__react@19.0.0/node_modules/next/dist/client/components/react-dev-overlay/app/hot-reloader-client.js:67
[   27020ms] [LOG] [Fast Refresh] rebuilding @ webpack-internal:///(app-pages-browser)/./node_modules/.pnpm/next@15.1.0_react-dom@19.0.0_react@19.0.0__react@19.0.0/node_modules/next/dist/client/components/react-dev-overlay/app/hot-reloader-client.js:240
[   27094ms] [LOG] [Fast Refresh] done in 75ms @ webpack-internal:///(app-pages-browser)/./node_modules/.pnpm/next@15.1.0_react-dom@19.0.0_react@19.0.0__react@19.0.0/node_modules/next/dist/client/components/react-dev-overlay/app/hot-reloader-client.js:67
[   27121ms] [LOG] [Fast Refresh] rebuilding @ webpack-internal:///(app-pages-browser)/./node_modules/.pnpm/next@15.1.0_react-dom@19.0.0_react@19.0.0__react@19.0.0/node_modules/next/dist/client/components/react-dev-overlay/app/hot-reloader-client.js:240
[   27183ms] [LOG] [Fast Refresh] done in 62ms @ webpack-internal:///(app-pages-browser)/./node_modules/.pnpm/next@15.1.0_react-dom@19.0.0_react@19.0.0__react@19.0.0/node_modules/next/dist/client/components/react-dev-overlay/app/hot-reloader-client.js:67
[   27223ms] [LOG] [Fast Refresh] rebuilding @ webpack-internal:///(app-pages-browser)/./node_modules/.pnpm/next@15.1.0_react-dom@19.0.0_react@19.0.0__react@19.0.0/node_modules/next/dist/client/components/react-dev-overlay/app/hot-reloader-client.js:240
[   27290ms] [LOG] [Fast Refresh] done in 67ms @ webpack-internal:///(app-pages-browser)/./node_modules/.pnpm/next@15.1.0_react-dom@19.0.0_react@19.0.0__react@19.0.0/node_modules/next/dist/client/components/react-dev-overlay/app/hot-reloader-client.js:67
[   27325ms] [LOG] [Fast Refresh] rebuilding @ webpack-internal:///(app-pages-browser)/./node_modules/.pnpm/next@15.1.0_react-dom@19.0.0_react@19.0.0__react@19.0.0/node_modules/next/dist/client/components/react-dev-overlay/app/hot-reloader-client.js:240
[   27381ms] [LOG] [Fast Refresh] done in 56ms @ webpack-internal:///(app-pages-browser)/./node_modules/.pnpm/next@15.1.0_react-dom@19.0.0_react@19.0.0__react@19.0.0/node_modules/next/dist/client/components/react-dev-overlay/app/hot-reloader-client.js:67
[   27427ms] [LOG] [Fast Refresh] rebuilding @ webpack-internal:///(app-pages-browser)/./node_modules/.pnpm/next@15.1.0_react-dom@19.0.0_react@19.0.0__react@19.0.0/node_modules/next/dist/client/components/react-dev-overlay/app/hot-reloader-client.js:240
[   27486ms] [LOG] [Fast Refresh] done in 59ms @ webpack-internal:///(app-pages-browser)/./node_modules/.pnpm/next@15.1.0_react-dom@19.0.0_react@19.0.0__react@19.0.0/node_modules/next/dist/client/components/react-dev-overlay/app/hot-reloader-client.js:67
[   27529ms] [LOG] [Fast Refresh] rebuilding @ webpack-internal:///(app-pages-browser)/./node_modules/.pnpm/next@15.1.0_react-dom@19.0.0_react@19.0.0__react@19.0.0/node_modules/next/dist/client/components/react-dev-overlay/app/hot-reloader-client.js:240
[   27601ms] [LOG] [Fast Refresh] done in 71ms @ webpack-internal:///(app-pages-browser)/./node_modules/.pnpm/next@15.1.0_react-dom@19.0.0_react@19.0.0__react@19.0.0/node_modules/next/dist/client/components/react-dev-overlay/app/hot-reloader-client.js:67
[   27630ms] [LOG] [Fast Refresh] rebuilding @ webpack-internal:///(app-pages-browser)/./node_modules/.pnpm/next@15.1.0_react-dom@19.0.0_react@19.0.0__react@19.0.0/node_modules/next/dist/client/components/react-dev-overlay/app/hot-reloader-client.js:240
[   27716ms] [LOG] [Fast Refresh] done in 85ms @ webpack-internal:///(app-pages-browser)/./node_modules/.pnpm/next@15.1.0_react-dom@19.0.0_react@19.0.0__react@19.0.0/node_modules/next/dist/client/components/react-dev-overlay/app/hot-reloader-client.js:67
[   27733ms] [LOG] [Fast Refresh] rebuilding @ webpack-internal:///(app-pages-browser)/./node_modules/.pnpm/next@15.1.0_react-dom@19.0.0_react@19.0.0__react@19.0.0/node_modules/next/dist/client/components/react-dev-overlay/app/hot-reloader-client.js:240
[   27804ms] [LOG] [Fast Refresh] done in 70ms @ webpack-internal:///(app-pages-browser)/./node_modules/.pnpm/next@15.1.0_react-dom@19.0.0_react@19.0.0__react@19.0.0/node_modules/next/dist/client/components/react-dev-overlay/app/hot-reloader-client.js:67
[   27832ms] [LOG] [Fast Refresh] rebuilding @ webpack-internal:///(app-pages-browser)/./node_modules/.pnpm/next@15.1.0_react-dom@19.0.0_react@19.0.0__react@19.0.0/node_modules/next/dist/client/components/react-dev-overlay/app/hot-reloader-client.js:240
[   27910ms] [LOG] [Fast Refresh] done in 78ms @ webpack-internal:///(app-pages-browser)/./node_modules/.pnpm/next@15.1.0_react-dom@19.0.0_react@19.0.0__react@19.0.0/node_modules/next/dist/client/components/react-dev-overlay/app/hot-reloader-client.js:67
[   27934ms] [LOG] [Fast Refresh] rebuilding @ webpack-internal:///(app-pages-browser)/./node_modules/.pnpm/next@15.1.0_react-dom@19.0.0_react@19.0.0__react@19.0.0/node_modules/next/dist/client/components/react-dev-overlay/app/hot-reloader-client.js:240
[   28003ms] [LOG] [Fast Refresh] done in 69ms @ webpack-internal:///(app-pages-browser)/./node_modules/.pnpm/next@15.1.0_react-dom@19.0.0_react@19.0.0__react@19.0.0/node_modules/next/dist/client/components/react-dev-overlay/app/hot-reloader-client.js:67
[   28036ms] [LOG] [Fast Refresh] rebuilding @ webpack-internal:///(app-pages-browser)/./node_modules/.pnpm/next@15.1.0_react-dom@19.0.0_react@19.0.0__react@19.0.0/node_modules/next/dist/client/components/react-dev-overlay/app/hot-reloader-client.js:240
[   28112ms] [LOG] [Fast Refresh] done in 76ms @ webpack-internal:///(app-pages-browser)/./node_modules/.pnpm/next@15.1.0_react-dom@19.0.0_react@19.0.0__react@19.0.0/node_modules/next/dist/client/components/react-dev-overlay/app/hot-reloader-client.js:67
[   28138ms] [LOG] [Fast Refresh] rebuilding @ webpack-internal:///(app-pages-browser)/./node_modules/.pnpm/next@15.1.0_react-dom@19.0.0_react@19.0.0__react@19.0.0/node_modules/next/dist/client/components/react-dev-overlay/app/hot-reloader-client.js:240
[   28249ms] [LOG] [Fast Refresh] done in 111ms @ webpack-internal:///(app-pages-browser)/./node_modules/.pnpm/next@15.1.0_react-dom@19.0.0_react@19.0.0__react@19.0.0/node_modules/next/dist/client/components/react-dev-overlay/app/hot-reloader-client.js:67
[   28290ms] [LOG] [Fast Refresh] rebuilding @ webpack-internal:///(app-pages-browser)/./node_modules/.pnpm/next@15.1.0_react-dom@19.0.0_react@19.0.0__react@19.0.0/node_modules/next/dist/client/components/react-dev-overlay/app/hot-reloader-client.js:240
[   28354ms] [LOG] [Fast Refresh] done in 65ms @ webpack-internal:///(app-pages-browser)/./node_modules/.pnpm/next@15.1.0_react-dom@19.0.0_react@19.0.0__react@19.0.0/node_modules/next/dist/client/components/react-dev-overlay/app/hot-reloader-client.js:67
[   28391ms] [LOG] [Fast Refresh] rebuilding @ webpack-internal:///(app-pages-browser)/./node_modules/.pnpm/next@15.1.0_react-dom@19.0.0_react@19.0.0__react@19.0.0/node_modules/next/dist/client/components/react-dev-overlay/app/hot-reloader-client.js:240
[   28451ms] [LOG] [Fast Refresh] done in 59ms @ webpack-internal:///(app-pages-browser)/./node_modules/.pnpm/next@15.1.0_react-dom@19.0.0_react@19.0.0__react@19.0.0/node_modules/next/dist/client/components/react-dev-overlay/app/hot-reloader-client.js:67
[   28494ms] [LOG] [Fast Refresh] rebuilding @ webpack-internal:///(app-pages-browser)/./node_modules/.pnpm/next@15.1.0_react-dom@19.0.0_react@19.0.0__react@19.0.0/node_modules/next/dist/client/components/react-dev-overlay/app/hot-reloader-client.js:240
[   28556ms] [LOG] [Fast Refresh] done in 63ms @ webpack-internal:///(app-pages-browser)/./node_modules/.pnpm/next@15.1.0_react-dom@19.0.0_react@19.0.0__react@19.0.0/node_modules/next/dist/client/components/react-dev-overlay/app/hot-reloader-client.js:67
[   28595ms] [LOG] [Fast Refresh] rebuilding @ webpack-internal:///(app-pages-browser)/./node_modules/.pnpm/next@15.1.0_react-dom@19.0.0_react@19.0.0__react@19.0.0/node_modules/next/dist/client/components/react-dev-overlay/app/hot-reloader-client.js:240
[   28655ms] [LOG] [Fast Refresh] done in 60ms @ webpack-internal:///(app-pages-browser)/./node_modules/.pnpm/next@15.1.0_react-dom@19.0.0_react@19.0.0__react@19.0.0/node_modules/next/dist/client/components/react-dev-overlay/app/hot-reloader-client.js:67
[   28697ms] [LOG] [Fast Refresh] rebuilding @ webpack-internal:///(app-pages-browser)/./node_modules/.pnpm/next@15.1.0_react-dom@19.0.0_react@19.0.0__react@19.0.0/node_modules/next/dist/client/components/react-dev-overlay/app/hot-reloader-client.js:240
[   28761ms] [LOG] [Fast Refresh] done in 64ms @ webpack-internal:///(app-pages-browser)/./node_modules/.pnpm/next@15.1.0_react-dom@19.0.0_react@19.0.0__react@19.0.0/node_modules/next/dist/client/components/react-dev-overlay/app/hot-reloader-client.js:67
[   28799ms] [LOG] [Fast Refresh] rebuilding @ webpack-internal:///(app-pages-browser)/./node_modules/.pnpm/next@15.1.0_react-dom@19.0.0_react@19.0.0__react@19.0.0/node_modules/next/dist/client/components/react-dev-overlay/app/hot-reloader-client.js:240
[   28861ms] [LOG] [Fast Refresh] done in 61ms @ webpack-internal:///(app-pages-browser)/./node_modules/.pnpm/next@15.1.0_react-dom@19.0.0_react@19.0.0__react@19.0.0/node_modules/next/dist/client/components/react-dev-overlay/app/hot-reloader-client.js:67
[   28901ms] [LOG] [Fast Refresh] rebuilding @ webpack-internal:///(app-pages-browser)/./node_modules/.pnpm/next@15.1.0_react-dom@19.0.0_react@19.0.0__react@19.0.0/node_modules/next/dist/client/components/react-dev-overlay/app/hot-reloader-client.js:240
[   28958ms] [LOG] [Fast Refresh] done in 57ms @ webpack-internal:///(app-pages-browser)/./node_modules/.pnpm/next@15.1.0_react-dom@19.0.0_react@19.0.0__react@19.0.0/node_modules/next/dist/client/components/react-dev-overlay/app/hot-reloader-client.js:67
[   29003ms] [LOG] [Fast Refresh] rebuilding @ webpack-internal:///(app-pages-browser)/./node_modules/.pnpm/next@15.1.0_react-dom@19.0.0_react@19.0.0__react@19.0.0/node_modules/next/dist/client/components/react-dev-overlay/app/hot-reloader-client.js:240
[   29072ms] [LOG] [Fast Refresh] done in 69ms @ webpack-internal:///(app-pages-browser)/./node_modules/.pnpm/next@15.1.0_react-dom@19.0.0_react@19.0.0__react@19.0.0/node_modules/next/dist/client/components/react-dev-overlay/app/hot-reloader-client.js:67
[   29103ms] [LOG] [Fast Refresh] rebuilding @ webpack-internal:///(app-pages-browser)/./node_modules/.pnpm/next@15.1.0_react-dom@19.0.0_react@19.0.0__react@19.0.0/node_modules/next/dist/client/components/react-dev-overlay/app/hot-reloader-client.js:240
[   29230ms] [LOG] [Fast Refresh] done in 127ms @ webpack-internal:///(app-pages-browser)/./node_modules/.pnpm/next@15.1.0_react-dom@19.0.0_react@19.0.0__react@19.0.0/node_modules/next/dist/client/components/react-dev-overlay/app/hot-reloader-client.js:67
[   29273ms] [LOG] [Fast Refresh] rebuilding @ webpack-internal:///(app-pages-browser)/./node_modules/.pnpm/next@15.1.0_react-dom@19.0.0_react@19.0.0__react@19.0.0/node_modules/next/dist/client/components/react-dev-overlay/app/hot-reloader-client.js:240
[   29370ms] [LOG] [Fast Refresh] done in 98ms @ webpack-internal:///(app-pages-browser)/./node_modules/.pnpm/next@15.1.0_react-dom@19.0.0_react@19.0.0__react@19.0.0/node_modules/next/dist/client/components/react-dev-overlay/app/hot-reloader-client.js:67
[   29424ms] [LOG] [Fast Refresh] rebuilding @ webpack-internal:///(app-pages-browser)/./node_modules/.pnpm/next@15.1.0_react-dom@19.0.0_react@19.0.0__react@19.0.0/node_modules/next/dist/client/components/react-dev-overlay/app/hot-reloader-client.js:240
[   29585ms] [LOG] [Fast Refresh] done in 161ms @ webpack-internal:///(app-pages-browser)/./node_modules/.pnpm/next@15.1.0_react-dom@19.0.0_react@19.0.0__react@19.0.0/node_modules/next/dist/client/components/react-dev-overlay/app/hot-reloader-client.js:67
[   29609ms] [LOG] [Fast Refresh] rebuilding @ webpack-internal:///(app-pages-browser)/./node_modules/.pnpm/next@15.1.0_react-dom@19.0.0_react@19.0.0__react@19.0.0/node_modules/next/dist/client/components/react-dev-overlay/app/hot-reloader-client.js:240
[   29707ms] [LOG] [Fast Refresh] rebuilding @ webpack-internal:///(app-pages-browser)/./node_modules/.pnpm/next@15.1.0_react-dom@19.0.0_react@19.0.0__react@19.0.0/node_modules/next/dist/client/components/react-dev-overlay/app/hot-reloader-client.js:240
[   29718ms] [LOG] [Fast Refresh] done in 12ms @ webpack-internal:///(app-pages-browser)/./node_modules/.pnpm/next@15.1.0_react-dom@19.0.0_react@19.0.0__react@19.0.0/node_modules/next/dist/client/components/react-dev-overlay/app/hot-reloader-client.js:67
[   29833ms] [LOG] [Fast Refresh] done in 127ms @ webpack-internal:///(app-pages-browser)/./node_modules/.pnpm/next@15.1.0_react-dom@19.0.0_react@19.0.0__react@19.0.0/node_modules/next/dist/client/components/react-dev-overlay/app/hot-reloader-client.js:67
[   29911ms] [LOG] [Fast Refresh] rebuilding @ webpack-internal:///(app-pages-browser)/./node_modules/.pnpm/next@15.1.0_react-dom@19.0.0_react@19.0.0__react@19.0.0/node_modules/next/dist/client/components/react-dev-overlay/app/hot-reloader-client.js:240
[   29980ms] [LOG] [Fast Refresh] done in 70ms @ webpack-internal:///(app-pages-browser)/./node_modules/.pnpm/next@15.1.0_react-dom@19.0.0_react@19.0.0__react@19.0.0/node_modules/next/dist/client/components/react-dev-overlay/app/hot-reloader-client.js:67
[   30013ms] [LOG] [Fast Refresh] rebuilding @ webpack-internal:///(app-pages-browser)/./node_modules/.pnpm/next@15.1.0_react-dom@19.0.0_react@19.0.0__react@19.0.0/node_modules/next/dist/client/components/react-dev-overlay/app/hot-reloader-client.js:240
[   30097ms] [LOG] [Fast Refresh] done in 84ms @ webpack-internal:///(app-pages-browser)/./node_modules/.pnpm/next@15.1.0_react-dom@19.0.0_react@19.0.0__react@19.0.0/node_modules/next/dist/client/components/react-dev-overlay/app/hot-reloader-client.js:67
[   30118ms] [LOG] [Fast Refresh] rebuilding @ webpack-internal:///(app-pages-browser)/./node_modules/.pnpm/next@15.1.0_react-dom@19.0.0_react@19.0.0__react@19.0.0/node_modules/next/dist/client/components/react-dev-overlay/app/hot-reloader-client.js:240
[   30259ms] [LOG] [Fast Refresh] done in 140ms @ webpack-internal:///(app-pages-browser)/./node_modules/.pnpm/next@15.1.0_react-dom@19.0.0_react@19.0.0__react@19.0.0/node_modules/next/dist/client/components/react-dev-overlay/app/hot-reloader-client.js:67
[   30285ms] [LOG] [Fast Refresh] rebuilding @ webpack-internal:///(app-pages-browser)/./node_modules/.pnpm/next@15.1.0_react-dom@19.0.0_react@19.0.0__react@19.0.0/node_modules/next/dist/client/components/react-dev-overlay/app/hot-reloader-client.js:240
[   30382ms] [ERROR] Failed to load resource: net::ERR_CONNECTION_REFUSED @ http://localhost:3000/apps?_rsc=1hp5a:0
[   30387ms] [ERROR] Failed to fetch RSC payload for http://localhost:3000/apps. Falling back to browser navigation. TypeError: Failed to fetch
    at createFetch (webpack-internal:///(app-pages-browser)/./node_modules/.pnpm/next@15.1.0_react-dom@19.0.0_react@19.0.0__react@19.0.0/node_modules/next/dist/client/components/router-reducer/fetch-server-response.js:154:12)
    at fetchServerResponse (webpack-internal:///(app-pages-browser)/./node_modules/.pnpm/next@15.1.0_react-dom@19.0.0_react@19.0.0__react@19.0.0/node_modules/next/dist/client/components/router-reducer/fetch-server-response.js:82:27)
    at hmrRefreshReducerImpl (webpack-internal:///(app-pages-browser)/./node_modules/.pnpm/next@15.1.0_react-dom@19.0.0_react@19.0.0__react@19.0.0/node_modules/next/dist/client/components/router-reducer/reducers/hmr-refresh-reducer.js:33:67)
    at clientReducer (webpack-internal:///(app-pages-browser)/./node_modules/.pnpm/next@15.1.0_react-dom@19.0.0_react@19.0.0__react@19.0.0/node_modules/next/dist/client/components/router-reducer/router-reducer.js:41:65)
    at Object.action (webpack-internal:///(app-pages-browser)/./node_modules/.pnpm/next@15.1.0_react-dom@19.0.0_react@19.0.0__react@19.0.0/node_modules/next/dist/shared/lib/router/action-queue.js:130:55)
    at runAction (webpack-internal:///(app-pages-browser)/./node_modules/.pnpm/next@15.1.0_react-dom@19.0.0_react@19.0.0__react@19.0.0/node_modules/next/dist/shared/lib/router/action-queue.js:42:38)
    at dispatchAction (webpack-internal:///(app-pages-browser)/./node_modules/.pnpm/next@15.1.0_react-dom@19.0.0_react@19.0.0__react@19.0.0/node_modules/next/dist/shared/lib/router/action-queue.js:96:9)
    at Object.dispatch (webpack-internal:///(app-pages-browser)/./node_modules/.pnpm/next@15.1.0_react-dom@19.0.0_react@19.0.0__react@19.0.0/node_modules/next/dist/shared/lib/router/action-queue.js:128:40)
    at eval (webpack-internal:///(app-pages-browser)/./node_modules/.pnpm/next@15.1.0_react-dom@19.0.0_react@19.0.0__react@19.0.0/node_modules/next/dist/client/components/use-reducer.js:37:21)
    at eval (webpack-internal:///(app-pages-browser)/./node_modules/.pnpm/next@15.1.0_react-dom@19.0.0_react@19.0.0__react@19.0.0/node_modules/next/dist/client/components/app-router.js:246:25)
    at exports.startTransition (webpack-internal:///(app-pages-browser)/./node_modules/.pnpm/next@15.1.0_react-dom@19.0.0_react@19.0.0__react@19.0.0/node_modules/next/dist/compiled/react/cjs/react.development.js:1427:27)
    at Object.hmrRefresh (webpack-internal:///(app-pages-browser)/./node_modules/.pnpm/next@15.1.0_react-dom@19.0.0_react@19.0.0__react@19.0.0/node_modules/next/dist/client/components/app-router.js:245:48)
    at eval (webpack-internal:///(app-pages-browser)/./node_modules/.pnpm/next@15.1.0_react-dom@19.0.0_react@19.0.0__react@19.0.0/node_modules/next/dist/client/components/react-dev-overlay/app/hot-reloader-client.js:335:28)
    at exports.startTransition (webpack-internal:///(app-pages-browser)/./node_modules/.pnpm/next@15.1.0_react-dom@19.0.0_react@19.0.0__react@19.0.0/node_modules/next/dist/compiled/react/cjs/react.development.js:1427:27)
    at processMessage (webpack-internal:///(app-pages-browser)/./node_modules/.pnpm/next@15.1.0_react-dom@19.0.0_react@19.0.0__react@19.0.0/node_modules/next/dist/client/components/react-dev-overlay/app/hot-reloader-client.js:334:44)
    at WebSocket.handler (webpack-internal:///(app-pages-browser)/./node_modules/.pnpm/next@15.1.0_react-dom@19.0.0_react@19.0.0__react@19.0.0/node_modules/next/dist/client/components/react-dev-overlay/app/hot-reloader-client.js:508:17) @ webpack-internal:///(app-pages-browser)/./node_modules/.pnpm/next@15.1.0_react-dom@19.0.0_react@19.0.0__react@19.0.0/node_modules/next/dist/client/components/globals/intercept-console-error.js:50
[   30399ms] [ERROR] Failed to load resource: net::ERR_CONNECTION_REFUSED @ http://localhost:3000/_next/static/webpack/58391a9c04ac8264.webpack.hot-update.json:0
[   30399ms] [WARNING] [Fast Refresh] performing full reload

Fast Refresh will perform a full reload when you edit a file that's imported by modules outside of the React rendering tree.
You might have a file which exports a React component but also exports a value that is imported by a non-React component file.
Consider migrating the non-React component export to a separate file and importing it into both files.

It is also possible the parent component of the component you edited is a class component, which disables Fast Refresh.
Fast Refresh requires at least one parent function component in your React tree. @ webpack-internal:///(app-pages-browser)/./node_modules/.pnpm/next@15.1.0_react-dom@19.0.0_react@19.0.0__react@19.0.0/node_modules/next/dist/client/components/react-dev-overlay/app/hot-reloader-client.js:138
[   30424ms] [ERROR] Failed to load resource: net::ERR_CONNECTION_REFUSED @ http://localhost:3000/__nextjs_original-stack-frame?isServer=false&isEdgeServer=false&isAppDirectory=true&errorMessage=TypeError%3A+Failed+to+fetch&file=webpack-internal%3A%2F%2F%2F%28app-pages-browser%29%2F.%2Fnode_modules%2F.pnpm%2Fnext%4015.1.0_react-dom%4019.0.0_react%4019.0.0__react%4019.0.0%2Fnode_modules%2Fnext%2Fdist%2Fclient%2Fcomponents%2Frouter-reducer%2Frouter-reducer.js&methodName=clientReducer&arguments=&lineNumber=41&column=65:0
[   30433ms] [ERROR] Failed to load resource: net::ERR_CONNECTION_REFUSED @ http://localhost:3000/__nextjs_original-stack-frame?isServer=false&isEdgeServer=false&isAppDirectory=true&errorMessage=TypeError%3A+Failed+to+fetch&file=webpack-internal%3A%2F%2F%2F%28app-pages-browser%29%2F.%2Fnode_modules%2F.pnpm%2Fnext%4015.1.0_react-dom%4019.0.0_react%4019.0.0__react%4019.0.0%2Fnode_modules%2Fnext%2Fdist%2Fclient%2Fcomponents%2Frouter-reducer%2Ffetch-server-response.js&methodName=createFetch&arguments=&lineNumber=154&column=12:0
[   30433ms] [ERROR] Failed to load resource: net::ERR_CONNECTION_REFUSED @ http://localhost:3000/__nextjs_original-stack-frame?isServer=false&isEdgeServer=false&isAppDirectory=true&errorMessage=TypeError%3A+Failed+to+fetch&file=webpack-internal%3A%2F%2F%2F%28app-pages-browser%29%2F.%2Fnode_modules%2F.pnpm%2Fnext%4015.1.0_react-dom%4019.0.0_react%4019.0.0__react%4019.0.0%2Fnode_modules%2Fnext%2Fdist%2Fclient%2Fcomponents%2Frouter-reducer%2Ffetch-server-response.js&methodName=fetchServerResponse&arguments=&lineNumber=82&column=27:0
[   30433ms] [ERROR] Failed to load resource: net::ERR_CONNECTION_REFUSED @ http://localhost:3000/__nextjs_original-stack-frame?isServer=false&isEdgeServer=false&isAppDirectory=true&errorMessage=TypeError%3A+Failed+to+fetch&file=webpack-internal%3A%2F%2F%2F%28app-pages-browser%29%2F.%2Fnode_modules%2F.pnpm%2Fnext%4015.1.0_react-dom%4019.0.0_react%4019.0.0__react%4019.0.0%2Fnode_modules%2Fnext%2Fdist%2Fclient%2Fcomponents%2Frouter-reducer%2Freducers%2Fhmr-refresh-reducer.js&methodName=hmrRefreshReducerImpl&arguments=&lineNumber=33&column=67:0
[   30433ms] [ERROR] Failed to load resource: net::ERR_CONNECTION_REFUSED @ http://localhost:3000/__nextjs_original-stack-frame?isServer=false&isEdgeServer=false&isAppDirectory=true&errorMessage=TypeError%3A+Failed+to+fetch&file=webpack-internal%3A%2F%2F%2F%28app-pages-browser%29%2F.%2Fnode_modules%2F.pnpm%2Fnext%4015.1.0_react-dom%4019.0.0_react%4019.0.0__react%4019.0.0%2Fnode_modules%2Fnext%2Fdist%2Fshared%2Flib%2Frouter%2Faction-queue.js&methodName=Object.action&arguments=&lineNumber=130&column=55:0
[   30433ms] [ERROR] Failed to load resource: net::ERR_CONNECTION_REFUSED @ http://localhost:3000/__nextjs_original-stack-frame?isServer=false&isEdgeServer=false&isAppDirectory=true&errorMessage=TypeError%3A+Failed+to+fetch&file=webpack-internal%3A%2F%2F%2F%28app-pages-browser%29%2F.%2Fnode_modules%2F.pnpm%2Fnext%4015.1.0_react-dom%4019.0.0_react%4019.0.0__react%4019.0.0%2Fnode_modules%2Fnext%2Fdist%2Fshared%2Flib%2Frouter%2Faction-queue.js&methodName=runAction&arguments=&lineNumber=42&column=38:0
[   30433ms] [ERROR] Failed to load resource: net::ERR_CONNECTION_REFUSED @ http://localhost:3000/__nextjs_original-stack-frame?isServer=false&isEdgeServer=false&isAppDirectory=true&errorMessage=TypeError%3A+Failed+to+fetch&file=webpack-internal%3A%2F%2F%2F%28app-pages-browser%29%2F.%2Fnode_modules%2F.pnpm%2Fnext%4015.1.0_react-dom%4019.0.0_react%4019.0.0__react%4019.0.0%2Fnode_modules%2Fnext%2Fdist%2Fshared%2Flib%2Frouter%2Faction-queue.js&methodName=dispatchAction&arguments=&lineNumber=96&column=9:0
[   30433ms] [ERROR] Failed to load resource: net::ERR_CONNECTION_REFUSED @ http://localhost:3000/__nextjs_original-stack-frame?isServer=false&isEdgeServer=false&isAppDirectory=true&errorMessage=TypeError%3A+Failed+to+fetch&file=webpack-internal%3A%2F%2F%2F%28app-pages-browser%29%2F.%2Fnode_modules%2F.pnpm%2Fnext%4015.1.0_react-dom%4019.0.0_react%4019.0.0__react%4019.0.0%2Fnode_modules%2Fnext%2Fdist%2Fshared%2Flib%2Frouter%2Faction-queue.js&methodName=Object.dispatch&arguments=&lineNumber=128&column=40:0
[   30433ms] [ERROR] Failed to load resource: net::ERR_CONNECTION_REFUSED @ http://localhost:3000/__nextjs_original-stack-frame?isServer=false&isEdgeServer=false&isAppDirectory=true&errorMessage=TypeError%3A+Failed+to+fetch&file=webpack-internal%3A%2F%2F%2F%28app-pages-browser%29%2F.%2Fnode_modules%2F.pnpm%2Fnext%4015.1.0_react-dom%4019.0.0_react%4019.0.0__react%4019.0.0%2Fnode_modules%2Fnext%2Fdist%2Fclient%2Fcomponents%2Fuse-reducer.js&methodName=eval&arguments=&lineNumber=37&column=21:0
[   30433ms] [ERROR] Failed to load resource: net::ERR_CONNECTION_REFUSED @ http://localhost:3000/__nextjs_original-stack-frame?isServer=false&isEdgeServer=false&isAppDirectory=true&errorMessage=TypeError%3A+Failed+to+fetch&file=webpack-internal%3A%2F%2F%2F%28app-pages-browser%29%2F.%2Fnode_modules%2F.pnpm%2Fnext%4015.1.0_react-dom%4019.0.0_react%4019.0.0__react%4019.0.0%2Fnode_modules%2Fnext%2Fdist%2Fclient%2Fcomponents%2Fapp-router.js&methodName=eval&arguments=&lineNumber=246&column=25:0
[   30433ms] [ERROR] Failed to load resource: net::ERR_CONNECTION_REFUSED @ http://localhost:3000/__nextjs_original-stack-frame?isServer=false&isEdgeServer=false&isAppDirectory=true&errorMessage=TypeError%3A+Failed+to+fetch&file=webpack-internal%3A%2F%2F%2F%28app-pages-browser%29%2F.%2Fnode_modules%2F.pnpm%2Fnext%4015.1.0_react-dom%4019.0.0_react%4019.0.0__react%4019.0.0%2Fnode_modules%2Fnext%2Fdist%2Fcompiled%2Freact%2Fcjs%2Freact.development.js&methodName=exports.startTransition&arguments=&lineNumber=1427&column=27:0
[   30433ms] [ERROR] Failed to load resource: net::ERR_CONNECTION_REFUSED @ http://localhost:3000/__nextjs_original-stack-frame?isServer=false&isEdgeServer=false&isAppDirectory=true&errorMessage=TypeError%3A+Failed+to+fetch&file=webpack-internal%3A%2F%2F%2F%28app-pages-browser%29%2F.%2Fnode_modules%2F.pnpm%2Fnext%4015.1.0_react-dom%4019.0.0_react%4019.0.0__react%4019.0.0%2Fnode_modules%2Fnext%2Fdist%2Fclient%2Fcomponents%2Fapp-router.js&methodName=Object.hmrRefresh&arguments=&lineNumber=245&column=48:0
[   30433ms] [ERROR] Failed to load resource: net::ERR_CONNECTION_REFUSED @ http://localhost:3000/__nextjs_original-stack-frame?isServer=false&isEdgeServer=false&isAppDirectory=true&errorMessage=TypeError%3A+Failed+to+fetch&file=webpack-internal%3A%2F%2F%2F%28app-pages-browser%29%2F.%2Fnode_modules%2F.pnpm%2Fnext%4015.1.0_react-dom%4019.0.0_react%4019.0.0__react%4019.0.0%2Fnode_modules%2Fnext%2Fdist%2Fclient%2Fcomponents%2Freact-dev-overlay%2Fapp%2Fhot-reloader-client.js&methodName=eval&arguments=&lineNumber=335&column=28:0
[   30434ms] [ERROR] Failed to load resource: net::ERR_CONNECTION_REFUSED @ http://localhost:3000/__nextjs_original-stack-frame?isServer=false&isEdgeServer=false&isAppDirectory=true&errorMessage=TypeError%3A+Failed+to+fetch&file=webpack-internal%3A%2F%2F%2F%28app-pages-browser%29%2F.%2Fnode_modules%2F.pnpm%2Fnext%4015.1.0_react-dom%4019.0.0_react%4019.0.0__react%4019.0.0%2Fnode_modules%2Fnext%2Fdist%2Fcompiled%2Freact%2Fcjs%2Freact.development.js&methodName=exports.startTransition&arguments=&lineNumber=1427&column=27:0
[   30434ms] [ERROR] Failed to load resource: net::ERR_CONNECTION_REFUSED @ http://localhost:3000/__nextjs_original-stack-frame?isServer=false&isEdgeServer=false&isAppDirectory=true&errorMessage=TypeError%3A+Failed+to+fetch&file=webpack-internal%3A%2F%2F%2F%28app-pages-browser%29%2F.%2Fnode_modules%2F.pnpm%2Fnext%4015.1.0_react-dom%4019.0.0_react%4019.0.0__react%4019.0.0%2Fnode_modules%2Fnext%2Fdist%2Fclient%2Fcomponents%2Freact-dev-overlay%2Fapp%2Fhot-reloader-client.js&methodName=processMessage&arguments=&lineNumber=334&column=44:0
[   30434ms] [ERROR] Failed to load resource: net::ERR_CONNECTION_REFUSED @ http://localhost:3000/__nextjs_original-stack-frame?isServer=false&isEdgeServer=false&isAppDirectory=true&errorMessage=TypeError%3A+Failed+to+fetch&file=webpack-internal%3A%2F%2F%2F%28app-pages-browser%29%2F.%2Fnode_modules%2F.pnpm%2Fnext%4015.1.0_react-dom%4019.0.0_react%4019.0.0__react%4019.0.0%2Fnode_modules%2Fnext%2Fdist%2Fclient%2Fcomponents%2Freact-dev-overlay%2Fapp%2Fhot-reloader-client.js&methodName=WebSocket.handler&arguments=&lineNumber=508&column=17:0
[   30434ms] [ERROR] Failed to load resource: net::ERR_CONNECTION_REFUSED @ http://localhost:3000/__nextjs_original-stack-frame?isServer=false&isEdgeServer=false&isAppDirectory=true&errorMessage=TypeError%3A+Failed+to+fetch&file=webpack-internal%3A%2F%2F%2F%28app-pages-browser%29%2F.%2Fnode_modules%2F.pnpm%2Fnext%4015.1.0_react-dom%4019.0.0_react%4019.0.0__react%4019.0.0%2Fnode_modules%2Fnext%2Fdist%2Fclient%2Fcomponents%2Frouter-reducer%2Ffetch-server-response.js&methodName=createFetch&arguments=&lineNumber=154&column=12:0
[   30434ms] [ERROR] Failed to load resource: net::ERR_CONNECTION_REFUSED @ http://localhost:3000/__nextjs_original-stack-frame?isServer=false&isEdgeServer=false&isAppDirectory=true&errorMessage=TypeError%3A+Failed+to+fetch&file=webpack-internal%3A%2F%2F%2F%28app-pages-browser%29%2F.%2Fnode_modules%2F.pnpm%2Fnext%4015.1.0_react-dom%4019.0.0_react%4019.0.0__react%4019.0.0%2Fnode_modules%2Fnext%2Fdist%2Fclient%2Fcomponents%2Frouter-reducer%2Ffetch-server-response.js&methodName=fetchServerResponse&arguments=&lineNumber=82&column=27:0
[   30434ms] [ERROR] Failed to load resource: net::ERR_CONNECTION_REFUSED @ http://localhost:3000/__nextjs_original-stack-frame?isServer=false&isEdgeServer=false&isAppDirectory=true&errorMessage=TypeError%3A+Failed+to+fetch&file=webpack-internal%3A%2F%2F%2F%28app-pages-browser%29%2F.%2Fnode_modules%2F.pnpm%2Fnext%4015.1.0_react-dom%4019.0.0_react%4019.0.0__react%4019.0.0%2Fnode_modules%2Fnext%2Fdist%2Fclient%2Fcomponents%2Frouter-reducer%2Freducers%2Fhmr-refresh-reducer.js&methodName=hmrRefreshReducerImpl&arguments=&lineNumber=33&column=67:0
[   30434ms] [ERROR] Failed to load resource: net::ERR_CONNECTION_REFUSED @ http://localhost:3000/__nextjs_original-stack-frame?isServer=false&isEdgeServer=false&isAppDirectory=true&errorMessage=TypeError%3A+Failed+to+fetch&file=webpack-internal%3A%2F%2F%2F%28app-pages-browser%29%2F.%2Fnode_modules%2F.pnpm%2Fnext%4015.1.0_react-dom%4019.0.0_react%4019.0.0__react%4019.0.0%2Fnode_modules%2Fnext%2Fdist%2Fclient%2Fcomponents%2Frouter-reducer%2Frouter-reducer.js&methodName=clientReducer&arguments=&lineNumber=41&column=65:0
[   30434ms] [ERROR] Failed to load resource: net::ERR_CONNECTION_REFUSED @ http://localhost:3000/__nextjs_original-stack-frame?isServer=false&isEdgeServer=false&isAppDirectory=true&errorMessage=TypeError%3A+Failed+to+fetch&file=webpack-internal%3A%2F%2F%2F%28app-pages-browser%29%2F.%2Fnode_modules%2F.pnpm%2Fnext%4015.1.0_react-dom%4019.0.0_react%4019.0.0__react%4019.0.0%2Fnode_modules%2Fnext%2Fdist%2Fshared%2Flib%2Frouter%2Faction-queue.js&methodName=Object.action&arguments=&lineNumber=130&column=55:0
[   30434ms] [ERROR] Failed to load resource: net::ERR_CONNECTION_REFUSED @ http://localhost:3000/__nextjs_original-stack-frame?isServer=false&isEdgeServer=false&isAppDirectory=true&errorMessage=TypeError%3A+Failed+to+fetch&file=webpack-internal%3A%2F%2F%2F%28app-pages-browser%29%2F.%2Fnode_modules%2F.pnpm%2Fnext%4015.1.0_react-dom%4019.0.0_react%4019.0.0__react%4019.0.0%2Fnode_modules%2Fnext%2Fdist%2Fshared%2Flib%2Frouter%2Faction-queue.js&methodName=runAction&arguments=&lineNumber=42&column=38:0
[   30434ms] [ERROR] Failed to load resource: net::ERR_CONNECTION_REFUSED @ http://localhost:3000/__nextjs_original-stack-frame?isServer=false&isEdgeServer=false&isAppDirectory=true&errorMessage=TypeError%3A+Failed+to+fetch&file=webpack-internal%3A%2F%2F%2F%28app-pages-browser%29%2F.%2Fnode_modules%2F.pnpm%2Fnext%4015.1.0_react-dom%4019.0.0_react%4019.0.0__react%4019.0.0%2Fnode_modules%2Fnext%2Fdist%2Fshared%2Flib%2Frouter%2Faction-queue.js&methodName=dispatchAction&arguments=&lineNumber=96&column=9:0
[   30434ms] [ERROR] Failed to load resource: net::ERR_CONNECTION_REFUSED @ http://localhost:3000/__nextjs_original-stack-frame?isServer=false&isEdgeServer=false&isAppDirectory=true&errorMessage=TypeError%3A+Failed+to+fetch&file=webpack-internal%3A%2F%2F%2F%28app-pages-browser%29%2F.%2Fnode_modules%2F.pnpm%2Fnext%4015.1.0_react-dom%4019.0.0_react%4019.0.0__react%4019.0.0%2Fnode_modules%2Fnext%2Fdist%2Fshared%2Flib%2Frouter%2Faction-queue.js&methodName=Object.dispatch&arguments=&lineNumber=128&column=40:0
[   30434ms] [ERROR] Failed to load resource: net::ERR_CONNECTION_REFUSED @ http://localhost:3000/__nextjs_original-stack-frame?isServer=false&isEdgeServer=false&isAppDirectory=true&errorMessage=TypeError%3A+Failed+to+fetch&file=webpack-internal%3A%2F%2F%2F%28app-pages-browser%29%2F.%2Fnode_modules%2F.pnpm%2Fnext%4015.1.0_react-dom%4019.0.0_react%4019.0.0__react%4019.0.0%2Fnode_modules%2Fnext%2Fdist%2Fclient%2Fcomponents%2Fuse-reducer.js&methodName=eval&arguments=&lineNumber=37&column=21:0
[   30434ms] [ERROR] Failed to load resource: net::ERR_CONNECTION_REFUSED @ http://localhost:3000/__nextjs_original-stack-frame?isServer=false&isEdgeServer=false&isAppDirectory=true&errorMessage=TypeError%3A+Failed+to+fetch&file=webpack-internal%3A%2F%2F%2F%28app-pages-browser%29%2F.%2Fnode_modules%2F.pnpm%2Fnext%4015.1.0_react-dom%4019.0.0_react%4019.0.0__react%4019.0.0%2Fnode_modules%2Fnext%2Fdist%2Fclient%2Fcomponents%2Fapp-router.js&methodName=eval&arguments=&lineNumber=246&column=25:0
[   30434ms] [ERROR] Failed to load resource: net::ERR_CONNECTION_REFUSED @ http://localhost:3000/__nextjs_original-stack-frame?isServer=false&isEdgeServer=false&isAppDirectory=true&errorMessage=TypeError%3A+Failed+to+fetch&file=webpack-internal%3A%2F%2F%2F%28app-pages-browser%29%2F.%2Fnode_modules%2F.pnpm%2Fnext%4015.1.0_react-dom%4019.0.0_react%4019.0.0__react%4019.0.0%2Fnode_modules%2Fnext%2Fdist%2Fclient%2Fcomponents%2Fapp-router.js&methodName=Object.hmrRefresh&arguments=&lineNumber=245&column=48:0
[   30434ms] [ERROR] Failed to load resource: net::ERR_CONNECTION_REFUSED @ http://localhost:3000/__nextjs_original-stack-frame?isServer=false&isEdgeServer=false&isAppDirectory=true&errorMessage=TypeError%3A+Failed+to+fetch&file=webpack-internal%3A%2F%2F%2F%28app-pages-browser%29%2F.%2Fnode_modules%2F.pnpm%2Fnext%4015.1.0_react-dom%4019.0.0_react%4019.0.0__react%4019.0.0%2Fnode_modules%2Fnext%2Fdist%2Fclient%2Fcomponents%2Freact-dev-overlay%2Fapp%2Fhot-reloader-client.js&methodName=eval&arguments=&lineNumber=335&column=28:0
[   30434ms] [ERROR] Failed to load resource: net::ERR_CONNECTION_REFUSED @ http://localhost:3000/__nextjs_original-stack-frame?isServer=false&isEdgeServer=false&isAppDirectory=true&errorMessage=TypeError%3A+Failed+to+fetch&file=webpack-internal%3A%2F%2F%2F%28app-pages-browser%29%2F.%2Fnode_modules%2F.pnpm%2Fnext%4015.1.0_react-dom%4019.0.0_react%4019.0.0__react%4019.0.0%2Fnode_modules%2Fnext%2Fdist%2Fclient%2Fcomponents%2Freact-dev-overlay%2Fapp%2Fhot-reloader-client.js&methodName=processMessage&arguments=&lineNumber=334&column=44:0
[   30434ms] [ERROR] Failed to load resource: net::ERR_CONNECTION_REFUSED @ http://localhost:3000/__nextjs_original-stack-frame?isServer=false&isEdgeServer=false&isAppDirectory=true&errorMessage=TypeError%3A+Failed+to+fetch&file=webpack-internal%3A%2F%2F%2F%28app-pages-browser%29%2F.%2Fnode_modules%2F.pnpm%2Fnext%4015.1.0_react-dom%4019.0.0_react%4019.0.0__react%4019.0.0%2Fnode_modules%2Fnext%2Fdist%2Fclient%2Fcomponents%2Freact-dev-overlay%2Fapp%2Fhot-reloader-client.js&methodName=WebSocket.handler&arguments=&lineNumber=508&column=17:0
[   30464ms] [ERROR] Failed to load resource: net::ERR_CONNECTION_REFUSED @ http://localhost:3000/__nextjs_original-stack-frame?isServer=false&isEdgeServer=false&isAppDirectory=true&errorMessage=TypeError%3A+Failed+to+fetch&file=webpack-internal%3A%2F%2F%2F%28app-pages-browser%29%2F.%2Fnode_modules%2F.pnpm%2Fnext%4015.1.0_react-dom%4019.0.0_react%4019.0.0__react%4019.0.0%2Fnode_modules%2Fnext%2Fdist%2Fcompiled%2Freact%2Fcjs%2Freact.development.js&methodName=exports.startTransition&arguments=&lineNumber=1427&column=27:0
[   30465ms] [ERROR] Failed to load resource: net::ERR_CONNECTION_REFUSED @ http://localhost:3000/__nextjs_original-stack-frame?isServer=false&isEdgeServer=false&isAppDirectory=true&errorMessage=TypeError%3A+Failed+to+fetch&file=webpack-internal%3A%2F%2F%2F%28app-pages-browser%29%2F.%2Fnode_modules%2F.pnpm%2Fnext%4015.1.0_react-dom%4019.0.0_react%4019.0.0__react%4019.0.0%2Fnode_modules%2Fnext%2Fdist%2Fcompiled%2Freact%2Fcjs%2Freact.development.js&methodName=exports.startTransition&arguments=&lineNumber=1427&column=27:0
